Workbook

Sheet Consolidato
A1: anno | B1: mese | C1: macchina | D1: ore_produzione | E1: pezzi_prodotti | F1: consumo_kwh | G1: lettura | H1: costo_energia_per_kwh | I1: costo_macchina | J1: consumo_bolletta_kwh | K1: totale_bolletta
A2: 2024 | B2: 1 | C2: ASS1 | D2: 151.33 | E2: 127305 | H2: 0.2557 | J2: 64934 | K2: 16601.39
A3: 2024 | B3: 2 | C3: ASS1 | D3: 130.12 | E3: 117666 | H3: 0.2378 | J3: 71197 | K3: 16934
A4: 2024 | B4: 3 | C4: ASS1 | D4: 80.25 | E4: 54604 | H4: 0.2428 | J4: 51152 | K4: 12419.74
A5: 2024 | B5: 4 | C5: ASS1 | D5: 81.52 | E5: 59880 | H5: 0.2416 | J5: 45316 | K5: 10948.47
A6: 2024 | B6: 5 | C6: ASS1 | D6: 124.43 | E6: 86479 | H6: 0.2507 | J6: 51330 | K6: 12868.58
A7: 2024 | B7: 6 | C7: ASS1 | D7: 91.02 | E7: 76618 | H7: 0.2722 | J7: 42151 | K7: 11473.9
A8: 2024 | B8: 7 | C8: ASS1 | D8: 88.15 | E8: 60539 | H8: 0.287 | J8: 67581 | K8: 19396.73
A9: 2024 | B9: 8 | C9: ASS1 | D9: 30.53 | E9: 20210 | H9: 0.3047 | J9: 44796 | K9: 13651.04
A10: 2024 | B10: 9 | C10: ASS1 | D10: 69.32 | E10: 50341 | H10: 0.2904 | J10: 52599 | K10: 15277.15
A11: 2024 | B11: 10 | C11: ASS1 | D11: 93.7 | E11: 68387 | H11: 0.2856 | J11: 54362 | K11: 15523.99
A12: 2024 | B12: 11 | C12: ASS1 | D12: 130.2 | E12: 86845 | F12: 66.33 | H12: 0.307 | I12: 20.36331 | J12: 64157 | K12: 19751.41
A13: 2024 | B13: 12 | C13: ASS1 | D13: 70.15 | E13: 37100 | F13: 38.64 | H13: 0.331 | I13: 12.78984 | J13: 51593 | K13: 17063.94
A14: 2025 | B14: 1 | C14: ASS1 | D14: 182.2 | E14: 0 | F14: 55.34 | H14: 0.335 | I14: 18.5389 | J14: 61904 | K14: 20875.39
A15: 2025 | B15: 2 | C15: ASS1 | D15: 127.5 | E15: 0 | F15: 64.14 | H15: 0.334 | I15: 21.42276 | J15: 60366 | K15: 20173.7
A16: 2025 | B16: 3 | C16: ASS1 | D16: 116.1 | E16: 0 | F16: 52.57 | H16: 0.286 | I16: 15.03502 | J16: 58209 | K16: 16648.58
A17: 2025 | B17: 4 | C17: ASS1 | D17: 67.9 | E17: 0 | F17: 35.27 | H17: 0.2655 | I17: 9.364185 | J17: 41269 | K17: 10956.7
A18: 2025 | B18: 5 | C18: ASS1 | D18: 74.4 | E18: 0 | F18: 36.76 | H18: 0.2575 | I18: 9.4657 | J18: 30809 | K18: 7932.95
A19: 2025 | B19: 6 | C19: ASS1 | D19: 35 | E19: 0 | F19: 0 | H19: 0.355 | I19: 0 | J19: 33644 | K19: 11949.42
A20: 2025 | B20: 7 | C20: ASS1 | D20: 95.4 | E20: 0 | F20: 0 | H20: 0.296 | I20: 0 | J20: 51483 | K20: 15262.33
A21: 2025 | B21: 8 | C21: ASS1 | D21: 6.11 | E21: 5236 | F21: 0 | H21: 0.3268 | I21: 0 | J21: 17650 | K21: 5768.63
A22: 2025 | B22: 9 | C22: ASS1 | D22: 128.79 | E22: 96569 | F22: 1 | H22: 0 | I22: 0 | J22: 0 | K22: 0
A23: 2025 | B23: 10 | C23: ASS1 | H23: 0 | I23: 0 | J23: 0 | K23: 0
A24: 2025 | B24: 11 | C24: ASS1 | H24: 0 | I24: 0 | J24: 0 | K24: 0
A25: 2025 | B25: 12 | C25: ASS1 | H25: 0 | I25: 0 | J25: 0 | K25: 0
A26: 2024 | B26: 1 | C26: F01 | D26: 171.92 | E26: 143772 | H26: 0.2557 | J26: 64934 | K26: 16601.39
A27: 2024 | B27: 2 | C27: F01 | D27: 119.51 | E27: 99614 | H27: 0.2378 | J27: 71197 | K27: 16934
A28: 2024 | B28: 3 | C28: F01 | D28: 41.33 | E28: 30484 | H28: 0.2428 | J28: 51152 | K28: 12419.74
A29: 2024 | B29: 4 | C29: F01 | D29: 12.44 | E29: 11700 | H29: 0.2416 | J29: 45316 | K29: 10948.47
A30: 2024 | B30: 5 | C30: F01 | D30: 107.52 | E30: 106500 | H30: 0.2507 | J30: 51330 | K30: 12868.58
A31: 2024 | B31: 6 | C31: F01 | D31: 90.79 | E31: 36912 | H31: 0.2722 | J31: 42151 | K31: 11473.9
A32: 2024 | B32: 7 | C32: F01 | D32: 132.66 | E32: 20988 | H32: 0.287 | J32: 67581 | K32: 19396.73
A33: 2024 | B33: 8 | C33: F01 | D33: 33.49 | E33: 31135 | H33: 0.3047 | J33: 44796 | K33: 13651.04
A34: 2024 | B34: 9 | C34: F01 | D34: 217.54 | E34: 65920 | H34: 0.2904 | J34: 52599 | K34: 15277.15
A35: 2024 | B35: 10 | C35: F01 | D35: 96.65 | E35: 100508 | H35: 0.2856 | J35: 54362 | K35: 15523.99
A36: 2024 | B36: 11 | C36: F01 | D36: 200 | E36: 85000 | F36: 745.92 | H36: 0.307 | I36: 228.99744 | J36: 64157 | K36: 19751.41
A37: 2024 | B37: 12 | C37: F01 | D37: 59.3 | E37: 49458 | F37: 312.14 | H37: 0.331 | I37: 103.31834 | J37: 51593 | K37: 17063.94
A38: 2025 | B38: 1 | C38: F01 | D38: 129.8 | E38: 81089 | F38: 428.89 | H38: 0.335 | I38: 143.67815 | J38: 61904 | K38: 20875.39
A39: 2025 | B39: 2 | C39: F01 | D39: 153.8 | E39: 90790 | F39: 492.78 | H39: 0.334 | I39: 164.58852 | J39: 60366 | K39: 20173.7
A40: 2025 | B40: 3 | C40: F01 | D40: 94.6 | E40: 82524 | F40: 407.33 | H40: 0.286 | I40: 116.49638 | J40: 58209 | K40: 16648.58
A41: 2025 | B41: 4 | C41: F01 | D41: 84.6 | E41: 89516 | F41: 339.18 | H41: 0.2655 | I41: 90.05229 | J41: 41269 | K41: 10956.7
A42: 2025 | B42: 5 | C42: F01 | D42: 135.2 | E42: 36500 | F42: 253.47 | H42: 0.2575 | I42: 65.268525 | J42: 30809 | K42: 7932.95
A43: 2025 | B43: 6 | C43: F01 | D43: 18.2 | E43: 20900 | F43: 97.44 | H43: 0.355 | I43: 34.5912 | J43: 33644 | K43: 11949.42
A44: 2025 | B44: 7 | C44: F01 | D44: 173.2 | E44: 197200 | F44: 448.6 | H44: 0.296 | I44: 132.7856 | J44: 51483 | K44: 15262.33
A45: 2025 | B45: 8 | C45: F01 | D45: 0 | E45: 0 | F45: 4.05 | H45: 0.3268 | I45: 1.32354 | J45: 17650 | K45: 5768.63
A46: 2025 | B46: 9 | C46: F01 | D46: 40.05 | E46: 16300 | F46: 179.22 | H46: 0 | I46: 0 | J46: 0 | K46: 0
A47: 2025 | B47: 10 | C47: F01 | J47: 0 | K47: 0
A48: 2025 | B48: 11 | C48: F01 | J48: 0 | K48: 0
A49: 2025 | B49: 12 | C49: F01 | J49: 0 | K49: 0
A50: 2024 | B50: 1 | C50: F02 | D50: 141.59 | E50: 74096 | H50: 0.2557 | J50: 64934 | K50: 16601.39
A51: 2024 | B51: 2 | C51: F02 | D51: 211.19 | E51: 76550 | H51: 0.2378 | J51: 71197 | K51: 16934
A52: 2024 | B52: 3 | C52: F02 | D52: 83.45 | E52: 47000 | H52: 0.2428 | J52: 51152 | K52: 12419.74
A53: 2024 | B53: 4 | C53: F02 | D53: 0 | E53: 10860 | H53: 0.2416 | J53: 45316 | K53: 10948.47
A54: 2024 | B54: 5 | C54: F02 | D54: 69.22 | E54: 13432 | H54: 0.2507 | J54: 51330 | K54: 12868.58
A55: 2024 | B55: 6 | C55: F02 | D55: 62.19 | E55: 36744 | H55: 0.2722 | J55: 42151 | K55: 11473.9
A56: 2024 | B56: 7 | C56: F02 | D56: 59.82 | E56: 18500 | H56: 0.287 | J56: 67581 | K56: 19396.73
A57: 2024 | B57: 8 | C57: F02 | D57: 45.05 | E57: 17088 | H57: 0.3047 | J57: 44796 | K57: 13651.04
A58: 2024 | B58: 9 | C58: F02 | D58: 84.73 | E58: 13260 | H58: 0.2904 | J58: 52599 | K58: 15277.15
A59: 2024 | B59: 10 | C59: F02 | D59: 45.11 | E59: 4700 | H59: 0.2856 | J59: 54362 | K59: 15523.99
A60: 2024 | B60: 11 | C60: F02 | D60: 103.3 | E60: 15405 | F60: 511.15 | H60: 0.307 | I60: 156.92305 | J60: 64157 | K60: 19751.41
A61: 2024 | B61: 12 | C61: F02 | D61: 89.7 | E61: 100138 | F61: 357.13 | H61: 0.331 | I61: 118.21003 | J61: 51593 | K61: 17063.94
A62: 2025 | B62: 1 | C62: F02 | D62: 99.7 | E62: 6278 | F62: 502.77 | H62: 0.335 | I62: 168.42795 | J62: 61904 | K62: 20875.39
A63: 2025 | B63: 2 | C63: F02 | D63: 77.6 | E63: 41985 | F63: 286.44 | H63: 0.334 | I63: 95.67096 | J63: 60366 | K63: 20173.7
A64: 2025 | B64: 3 | C64: F02 | D64: 53.7 | E64: 36925 | F64: 402.32 | H64: 0.286 | I64: 115.06352 | J64: 58209 | K64: 16648.58
A65: 2025 | B65: 4 | C65: F02 | D65: 108.4 | E65: 19510 | F65: 398.69 | H65: 0.2655 | I65: 105.85219 | J65: 41269 | K65: 10956.7
A66: 2025 | B66: 5 | C66: F02 | D66: 2.2 | E66: 500 | F66: 66.4 | H66: 0.2575 | I66: 17.098 | J66: 30809 | K66: 7932.95
A67: 2025 | B67: 6 | C67: F02 | D67: 15.8 | E67: 4484 | F67: 146.03 | H67: 0.355 | I67: 51.84065 | J67: 33644 | K67: 11949.42
A68: 2025 | B68: 7 | C68: F02 | D68: 115.1 | E68: 51000 | F68: 538.77 | H68: 0.296 | I68: 159.47592 | J68: 51483 | K68: 15262.33
A69: 2025 | B69: 8 | C69: F02 | D69: 59.62 | E69: 35441 | F69: 163.2 | H69: 0.3268 | I69: 53.33376 | J69: 17650 | K69: 5768.63
A70: 2025 | B70: 9 | C70: F02 | D70: 287.77 | E70: 112280 | F70: 746.4 | H70: 0 | I70: 0 | J70: 0 | K70: 0
A71: 2025 | B71: 10 | C71: F02 | H71: 0 | J71: 0 | K71: 0
A72: 2025 | B72: 11 | C72: F02 | H72: 0 | J72: 0 | K72: 0
A73: 2025 | B73: 12 | C73: F02 | H73: 0 | J73: 0 | K73: 0
A74: 2024 | B74: 1 | C74: F03 | D74: 181.16 | E74: 157102 | H74: 0.2557 | J74: 64934 | K74: 16601.39
A75: 2024 | B75: 2 | C75: F03 | D75: 228.07 | E75: 144108 | H75: 0.2378 | J75: 71197 | K75: 16934
A76: 2024 | B76: 3 | C76: F03 | D76: 14.89 | E76: 11200 | H76: 0.2428 | J76: 51152 | K76: 12419.74
A77: 2024 | B77: 4 | C77: F03 | D77: 12.3 | E77: 4860 | H77: 0.2416 | J77: 45316 | K77: 10948.47
A78: 2024 | B78: 5 | C78: F03 | D78: 133.93 | E78: 75309 | H78: 0.2507 | J78: 51330 | K78: 12868.58
A79: 2024 | B79: 6 | C79: F03 | D79: 9.27 | E79: 3083 | H79: 0.2722 | J79: 42151 | K79: 11473.9
A80: 2024 | B80: 7 | C80: F03 | D80: 93.51 | E80: 68064 | H80: 0.287 | J80: 67581 | K80: 19396.73
A81: 2024 | B81: 8 | C81: F03 | D81: 130.57 | E81: 106836 | H81: 0.3047 | J81: 44796 | K81: 13651.04
A82: 2024 | B82: 9 | C82: F03 | D82: 51.16 | E82: 37600 | H82: 0.2904 | J82: 52599 | K82: 15277.15
A83: 2024 | B83: 10 | C83: F03 | D83: 66.32 | E83: 48808 | H83: 0.2856 | J83: 54362 | K83: 15523.99
A84: 2024 | B84: 11 | C84: F03 | D84: 100.6 | E84: 71217 | F84: 931.35 | H84: 0.307 | I84: 285.92445 | J84: 64157 | K84: 19751.41
A85: 2024 | B85: 12 | C85: F03 | D85: 18.7 | E85: 7167 | F85: 138.46 | H85: 0.331 | I85: 45.83026 | J85: 51593 | K85: 17063.94
A86: 2025 | B86: 1 | C86: F03 | D86: 112.5 | E86: 32200 | F86: 562.68 | H86: 0.335 | I86: 188.4978 | J86: 61904 | K86: 20875.39
A87: 2025 | B87: 2 | C87: F03 | D87: 137.8 | E87: 57200 | F87: 838.13 | H87: 0.334 | I87: 279.93542 | J87: 60366 | K87: 20173.7
A88: 2025 | B88: 3 | C88: F03 | D88: 80.1 | E88: 46789 | F88: 740.02 | H88: 0.286 | I88: 211.64572 | J88: 58209 | K88: 16648.58
A89: 2025 | B89: 4 | C89: F03 | D89: 167.4 | E89: 36400 | F89: 742.47 | H89: 0.2655 | I89: 197.12579 | J89: 41269 | K89: 10956.7
A90: 2025 | B90: 5 | C90: F03 | D90: 4.4 | E90: 1303 | F90: 78.85 | H90: 0.2575 | I90: 20.303875 | J90: 30809 | K90: 7932.95
A91: 2025 | B91: 6 | C91: F03 | D91: 21.1 | E91: 12400 | F91: 99.57 | H91: 0.355 | I91: 35.34735 | J91: 33644 | K91: 11949.42
A92: 2025 | B92: 7 | C92: F03 | D92: 113 | E92: 79954 | F92: 622.53 | H92: 0.296 | I92: 184.26888 | J92: 51483 | K92: 15262.33
A93: 2025 | B93: 8 | C93: F03 | D93: 0 | E93: 0 | F93: 24.93 | H93: 0.3268 | I93: 8.147124 | J93: 17650 | K93: 5768.63
A94: 2025 | B94: 9 | C94: F03 | D94: 115.01 | E94: 88600 | F94: 786.97 | H94: 0 | I94: 0 | J94: 0 | K94: 0
A95: 2025 | B95: 10 | C95: F03 | H95: 0 | J95: 0 | K95: 0
A96: 2025 | B96: 11 | C96: F03 | H96: 0 | J96: 0 | K96: 0
A97: 2025 | B97: 12 | C97: F03 | H97: 0 | J97: 0 | K97: 0
A98: 2024 | B98: 1 | C98: F04 | D98: 127.93 | E98: 172860 | H98: 0.2557 | J98: 64934 | K98: 16601.39
A99: 2024 | B99: 2 | C99: F04 | D99: 102.95 | E99: 61844 | H99: 0.2378 | J99: 71197 | K99: 16934
A100: 2024 | B100: 3 | C100: F04 | D100: 7.27 | E100: 6400 | H100: 0.2428 | J100: 51152 | K100: 12419.74
...

Sheet ASS1
A1: anno | B1: mese | C1: macchina o impianto | D1: ore produzione macchina | E1: pezzi prodotti | F1: consumo | G1: lettura | H1: costo energia | I1: costo macchina | J1: consumo da bolletta | K1: totale bolletta
A2: 2024 | B2: 1 | C2: ASS1 | D2: 151.33 | E2: 127305 | H2: =Tabelle!F111 -> 0.2557 | J2: =Tabelle!B111 -> 64934 | K2: =Tabelle!G85 -> 16601.39
A3: 2024 | B3: 2 | C3: ASS1 | D3: 130.12 | E3: 117666 | H3: =Tabelle!F112 -> 0.2378 | J3: =Tabelle!B112 -> 71197 | K3: =Tabelle!G86 -> 16934
A4: 2024 | B4: 3 | C4: ASS1 | D4: 80.25 | E4: 54604 | H4: =Tabelle!F113 -> 0.2428 | J4: =Tabelle!B113 -> 51152 | K4: =Tabelle!G87 -> 12419.74
A5: 2024 | B5: 4 | C5: ASS1 | D5: 81.52 | E5: 59880 | H5: =Tabelle!F114 -> 0.2416 | J5: =Tabelle!B114 -> 45316 | K5: =Tabelle!G88 -> 10948.47
A6: 2024 | B6: 5 | C6: ASS1 | D6: 124.43 | E6: 86479 | H6: =Tabelle!F115 -> 0.2507 | J6: =Tabelle!B115 -> 51330 | K6: =Tabelle!G89 -> 12868.58
A7: 2024 | B7: 6 | C7: ASS1 | D7: 91.02 | E7: 76618 | H7: =Tabelle!F116 -> 0.2722 | J7: =Tabelle!B116 -> 42151 | K7: =Tabelle!G90 -> 11473.9
A8: 2024 | B8: 7 | C8: ASS1 | D8: 88.15 | E8: 60539 | H8: =Tabelle!F117 -> 0.287 | J8: =Tabelle!B117 -> 67581 | K8: =Tabelle!G91 -> 19396.73
A9: 2024 | B9: 8 | C9: ASS1 | D9: 30.53 | E9: 20210 | H9: =Tabelle!F118 -> 0.3047 | J9: =Tabelle!B118 -> 44796 | K9: =Tabelle!G92 -> 13651.04
A10: 2024 | B10: 9 | C10: ASS1 | D10: 69.32 | E10: 50341 | H10: =Tabelle!F119 -> 0.2904 | J10: =Tabelle!B119 -> 52599 | K10: =Tabelle!G93 -> 15277.15
A11: 2024 | B11: 10 | C11: ASS1 | D11: 93.7 | E11: 68387 | H11: =Tabelle!F120 -> 0.2856 | J11: =Tabelle!B120 -> 54362 | K11: =Tabelle!G94 -> 15523.99
A12: 2024 | B12: 11 | C12: ASS1 | D12: =Tabelle!Y20 -> 130.2 | E12: =Tabelle!Y36 -> 86845 | F12: 66.33 | H12: =Tabelle!F121 -> 0.307 | I12: =F12*H12 -> 20.36331 | J12: =Tabelle!B121 -> 64157 | K12: =Tabelle!G95 -> 19751.41
A13: 2024 | B13: 12 | C13: ASS1 | D13: =Tabelle!Y21 -> 70.15 | E13: =Tabelle!Y37 -> 37100 | F13: 38.64 | H13: =Tabelle!F122 -> 0.331 | I13: =F13*H13 -> 12.78984 | J13: =Tabelle!B122 -> 51593 | K13: =Tabelle!G96 -> 17063.94
A14: 2025 | B14: 1 | C14: ASS1 | D14: =Tabelle!Y22 -> 182.2 | E14: =Tabelle!Y38 -> 0 | F14: 55.34 | H14: =Tabelle!F123 -> 0.335 | I14: =F14*H14 -> 18.5389 | J14: =Tabelle!B123 -> 61904 | K14: =Tabelle!G97 -> 20875.39
A15: 2025 | B15: 2 | C15: ASS1 | D15: =Tabelle!Y23 -> 127.5 | E15: =Tabelle!Y39 -> 0 | F15: 64.14 | H15: =Tabelle!F124 -> 0.334 | I15: =F15*H15 -> 21.42276 | J15: =Tabelle!B124 -> 60366 | K15: =Tabelle!G98 -> 20173.7
A16: 2025 | B16: 3 | C16: ASS1 | D16: =Tabelle!Y24 -> 116.1 | E16: =Tabelle!Y40 -> 0 | F16: 52.57 | H16: =Tabelle!F125 -> 0.286 | I16: =F16*H16 -> 15.03502 | J16: =Tabelle!B125 -> 58209 | K16: =Tabelle!G99 -> 16648.58
A17: 2025 | B17: 4 | C17: ASS1 | D17: =Tabelle!Y25 -> 67.9 | E17: =Tabelle!Y41 -> 0 | F17: 35.27 | H17: =Tabelle!F126 -> 0.2655 | I17: =F17*H17 -> 9.364185 | J17: =Tabelle!B126 -> 41269 | K17: =Tabelle!G100 -> 10956.7
A18: 2025 | B18: 5 | C18: ASS1 | D18: =Tabelle!Y26 -> 74.4 | E18: =Tabelle!Y42 -> 0 | F18: 36.76 | H18: =Tabelle!F127 -> 0.2575 | I18: =F18*H18 -> 9.4657 | J18: =Tabelle!B127 -> 30809 | K18: =Tabelle!G101 -> 7932.95
A19: 2025 | B19: 6 | C19: ASS1 | D19: =Tabelle!Y27 -> 35 | E19: =Tabelle!Y43 -> 0 | F19: 0 | H19: =Tabelle!F128 -> 0.355 | I19: =F19*H19 -> 0 | J19: =Tabelle!B128 -> 33644 | K19: =Tabelle!G102 -> 11949.42
A20: 2025 | B20: 7 | C20: ASS1 | D20: =Tabelle!Y28 -> 95.4 | E20: =Tabelle!Y44 -> 0 | F20: 0 | H20: =Tabelle!F129 -> 0.296 | I20: =F20*H20 -> 0 | J20: =Tabelle!B129 -> 51483 | K20: =Tabelle!G103 -> 15262.33
A21: 2025 | B21: 8 | C21: ASS1 | D21: =Tabelle!Y29 -> 6.11 | E21: =Tabelle!Y45 -> 5236 | F21: 0 | H21: =Tabelle!F130 -> 0.3268 | I21: =F21*H21 -> 0 | J21: =Tabelle!B130 -> 17650 | K21: =Tabelle!G104 -> 5768.63
A22: 2025 | B22: 9 | C22: ASS1 | D22: =Tabelle!Y30 -> 128.79 | E22: =Tabelle!Y46 -> 96569 | F22: 1 | H22: =Tabelle!F131 -> 0.2732 | I22: =F22*H22 -> 0.2732 | J22: =Tabelle!B131 -> 47214 | K22: =Tabelle!G105 -> 12897.86
A23: 2025 | B23: 10 | C23: ASS1 | D23: =Tabelle!Y31 -> 0 | E23: =Tabelle!Y47 -> 6740 | F23: 2 | H23: =Tabelle!F132 -> 0.2134 | I23: =F23*H23 -> 0.4268 | J23: =Tabelle!B132 -> 47533 | K23: =Tabelle!G106 -> 13101.09
A24: 2025 | B24: 11 | C24: ASS1 | H24: =Tabelle!F133 -> 0.2261 | I24: =F24*H24 -> 0 | J24: =Tabelle!B133 -> 50662 | K24: =Tabelle!G111 -> 0
A25: 2025 | B25: 12 | C25: ASS1 | H25: =Tabelle!F134 -> 0 | I25: =F25*H25 -> 0 | J25: =Tabelle!B134 -> 0 | K25: =Tabelle!G112 -> 0
A26: 2026 | B26: 7 | C26: ASS1 | H26: =Tabelle!F135 -> 0 | I26: =F26*H26 -> 0 | J26: =Tabelle!B135 -> 0 | K26: =Tabelle!G113 -> 0

Sheet F01
A1: anno | B1: mese | C1: macchina o impianto | D1: ore produzione macchina | E1: pezzi prodotti | F1: consumo | G1: lettura | H1: costo energia | I1: costo macchina | J1: consumo da bolletta | K1: totale bolletta
A2: 2024 | B2: 1 | C2: F01 | D2: 171.92 | E2: 143772 | H2: =Tabelle!F111 -> 0.2557 | J2: =Tabelle!B111 -> 64934 | K2: =Tabelle!G85 -> 16601.39
A3: 2024 | B3: 2 | C3: F01 | D3: 119.51 | E3: 99614 | H3: =Tabelle!F112 -> 0.2378 | J3: =Tabelle!B112 -> 71197 | K3: =Tabelle!G86 -> 16934
A4: 2024 | B4: 3 | C4: F01 | D4: 41.33 | E4: 30484 | H4: =Tabelle!F113 -> 0.2428 | J4: =Tabelle!B113 -> 51152 | K4: =Tabelle!G87 -> 12419.74
A5: 2024 | B5: 4 | C5: F01 | D5: 12.44 | E5: 11700 | H5: =Tabelle!F114 -> 0.2416 | J5: =Tabelle!B114 -> 45316 | K5: =Tabelle!G88 -> 10948.47
A6: 2024 | B6: 5 | C6: F01 | D6: 107.52 | E6: 106500 | H6: =Tabelle!F115 -> 0.2507 | J6: =Tabelle!B115 -> 51330 | K6: =Tabelle!G89 -> 12868.58
A7: 2024 | B7: 6 | C7: F01 | D7: 90.79 | E7: 36912 | H7: =Tabelle!F116 -> 0.2722 | J7: =Tabelle!B116 -> 42151 | K7: =Tabelle!G90 -> 11473.9
A8: 2024 | B8: 7 | C8: F01 | D8: 132.66 | E8: 20988 | H8: =Tabelle!F117 -> 0.287 | J8: =Tabelle!B117 -> 67581 | K8: =Tabelle!G91 -> 19396.73
A9: 2024 | B9: 8 | C9: F01 | D9: 33.49 | E9: 31135 | H9: =Tabelle!F118 -> 0.3047 | J9: =Tabelle!B118 -> 44796 | K9: =Tabelle!G92 -> 13651.04
A10: 2024 | B10: 9 | C10: F01 | D10: 217.54 | E10: 65920 | H10: =Tabelle!F119 -> 0.2904 | J10: =Tabelle!B119 -> 52599 | K10: =Tabelle!G93 -> 15277.15
A11: 2024 | B11: 10 | C11: F01 | D11: 96.65 | E11: 100508 | H11: =Tabelle!F120 -> 0.2856 | J11: =Tabelle!B120 -> 54362 | K11: =Tabelle!G94 -> 15523.99
A12: 2024 | B12: 11 | C12: F01 | D12: =Tabelle!B20 -> 200 | E12: =Tabelle!B36 -> 85000 | F12: =Tabelle!B4 -> 745.92 | H12: =Tabelle!F121 -> 0.307 | I12: =F12*H12 -> 228.99744 | J12: =Tabelle!B121 -> 64157 | K12: =Tabelle!G95 -> 19751.41
A13: 2024 | B13: 12 | C13: F01 | D13: =Tabelle!B21 -> 59.3 | E13: =Tabelle!B37 -> 49458 | F13: =Tabelle!B5 -> 312.14 | H13: =Tabelle!F122 -> 0.331 | I13: =F13*H13 -> 103.31834 | J13: =Tabelle!B122 -> 51593 | K13: =Tabelle!G96 -> 17063.94
A14: 2025 | B14: 1 | C14: F01 | D14: =Tabelle!B22 -> 129.8 | E14: =Tabelle!B38 -> 81089 | F14: =Tabelle!B6 -> 428.89 | H14: =Tabelle!F123 -> 0.335 | I14: =F14*H14 -> 143.67815 | J14: =Tabelle!B123 -> 61904 | K14: =Tabelle!G97 -> 20875.39
A15: 2025 | B15: 2 | C15: F01 | D15: =Tabelle!B23 -> 153.8 | E15: =Tabelle!B39 -> 90790 | F15: =Tabelle!B7 -> 492.78 | H15: =Tabelle!F124 -> 0.334 | I15: =F15*H15 -> 164.58852 | J15: =Tabelle!B124 -> 60366 | K15: =Tabelle!G98 -> 20173.7
A16: 2025 | B16: 3 | C16: F01 | D16: =Tabelle!B24 -> 94.6 | E16: =Tabelle!B40 -> 82524 | F16: =Tabelle!B8 -> 407.33 | H16: =Tabelle!F125 -> 0.286 | I16: =F16*H16 -> 116.49638 | J16: =Tabelle!B125 -> 58209 | K16: =Tabelle!G99 -> 16648.58
A17: 2025 | B17: 4 | C17: F01 | D17: =Tabelle!B25 -> 84.6 | E17: =Tabelle!B41 -> 89516 | F17: =Tabelle!B9 -> 339.18 | H17: =Tabelle!F126 -> 0.2655 | I17: =F17*H17 -> 90.05229 | J17: =Tabelle!B126 -> 41269 | K17: =Tabelle!G100 -> 10956.7
A18: 2025 | B18: 5 | C18: F01 | D18: =Tabelle!B26 -> 135.2 | E18: =Tabelle!B42 -> 36500 | F18: =Tabelle!B10 -> 253.47 | H18: =Tabelle!F127 -> 0.2575 | I18: =F18*H18 -> 65.268525 | J18: =Tabelle!B127 -> 30809 | K18: =Tabelle!G101 -> 7932.95
A19: 2025 | B19: 6 | C19: F01 | D19: =Tabelle!B27 -> 18.2 | E19: =Tabelle!B43 -> 20900 | F19: =Tabelle!B11 -> 97.44 | H19: =Tabelle!F128 -> 0.355 | I19: =F19*H19 -> 34.5912 | J19: =Tabelle!B128 -> 33644 | K19: =Tabelle!G102 -> 11949.42
A20: 2025 | B20: 7 | C20: F01 | D20: =Tabelle!B28 -> 173.2 | E20: =Tabelle!B44 -> 197200 | F20: =Tabelle!B12 -> 448.6 | H20: =Tabelle!F129 -> 0.296 | I20: =F20*H20 -> 132.7856 | J20: =Tabelle!B129 -> 51483 | K20: =Tabelle!G103 -> 15262.33
A21: 2025 | B21: 8 | C21: F01 | D21: =Tabelle!B29 -> 0 | E21: =Tabelle!B45 -> 0 | F21: =Tabelle!B13 -> 4.05 | H21: =Tabelle!F130 -> 0.3268 | I21: =F21*H21 -> 1.32354 | J21: =Tabelle!B130 -> 17650 | K21: =Tabelle!G104 -> 5768.63
A22: 2025 | B22: 9 | C22: F01 | D22: =Tabelle!B30 -> 40.05 | E22: =Tabelle!B46 -> 16300 | F22: =Tabelle!B14 -> 179.22 | H22: =Tabelle!F131 -> 0.2732 | I22: =F22*H22 -> 48.962904 | J22: =Tabelle!B131 -> 47214 | K22: =Tabelle!G105 -> 12897.86
A23: 2025 | B23: 10 | C23: F01 | D23: =Tabelle!B31 -> 40.92 | E23: =Tabelle!B47 -> 20349 | F23: =Tabelle!B15 -> 477.62 | H23: =Tabelle!F132 -> 0.2134 | I23: =F23*H23 -> 101.92411 | J23: =Tabelle!B132 -> 47533 | K23: =Tabelle!G106 -> 13101.09
... A38: 2038 | B38: 13 | C38: F13 | D38: =Tabelle!B46 -> 16300 | E38: =Tabelle!B62 -> 2887.25 | F38: =Tabelle!B30 -> 40.05 | H38: =Tabelle!F147 -> 0 | I38: =F38*H38 -> 0 | J38: =Tabelle!B147 -> 0 | K38: =Tabelle!G121 -> 0

Sheet F02
A1: anno | B1: mese | C1: macchina o impianto | D1: ore produzione macchina | E1: pezzi prodotti | F1: consumo | G1: lettura | H1: costo energia | I1: costo macchina | J1: consumo da bolletta | K1: totale bolletta
A2: 2024 | B2: 1 | C2: F02 | D2: 141.59 | E2: 74096 | H2: =Tabelle!F111 -> 0.2557 | J2: =Tabelle!B111 -> 64934 | K2: =Tabelle!G85 -> 16601.39
A3: 2024 | B3: 2 | C3: F02 | D3: 211.19 | E3: 76550 | H3: =Tabelle!F112 -> 0.2378 | J3: =Tabelle!B112 -> 71197 | K3: =Tabelle!G86 -> 16934
A4: 2024 | B4: 3 | C4: F02 | D4: 83.45 | E4: 47000 | H4: =Tabelle!F113 -> 0.2428 | J4: =Tabelle!B113 -> 51152 | K4: =Tabelle!G87 -> 12419.74
A5: 2024 | B5: 4 | C5: F02 | D5: 0 | E5: 10860 | H5: =Tabelle!F114 -> 0.2416 | J5: =Tabelle!B114 -> 45316 | K5: =Tabelle!G88 -> 10948.47
A6: 2024 | B6: 5 | C6: F02 | D6: 69.22 | E6: 13432 | H6: =Tabelle!F115 -> 0.2507 | J6: =Tabelle!B115 -> 51330 | K6: =Tabelle!G89 -> 12868.58
A7: 2024 | B7: 6 | C7: F02 | D7: 62.19 | E7: 36744 | H7: =Tabelle!F116 -> 0.2722 | J7: =Tabelle!B116 -> 42151 | K7: =Tabelle!G90 -> 11473.9
A8: 2024 | B8: 7 | C8: F02 | D8: 59.82 | E8: 18500 | H8: =Tabelle!F117 -> 0.287 | J8: =Tabelle!B117 -> 67581 | K8: =Tabelle!G91 -> 19396.73
A9: 2024 | B9: 8 | C9: F02 | D9: 45.05 | E9: 17088 | H9: =Tabelle!F118 -> 0.3047 | J9: =Tabelle!B118 -> 44796 | K9: =Tabelle!G92 -> 13651.04
A10: 2024 | B10: 9 | C10: F02 | D10: 84.73 | E10: 13260 | H10: =Tabelle!F119 -> 0.2904 | J10: =Tabelle!B119 -> 52599 | K10: =Tabelle!G93 -> 15277.15
A11: 2024 | B11: 10 | C11: F02 | D11: 45.11 | E11: 4700 | H11: =Tabelle!F120 -> 0.2856 | J11: =Tabelle!B120 -> 54362 | K11: =Tabelle!G94 -> 15523.99
A12: 2024 | B12: 11 | C12: F02 | D12: =Tabelle!C20 -> 103.3 | E12: =Tabelle!C36 -> 15405 | F12: =Tabelle!C4 -> 511.15 | H12: =Tabelle!F121 -> 0.307 | I12: =F12*H12 -> 156.92305 | J12: =Tabelle!B121 -> 64157 | K12: =Tabelle!G95 -> 19751.41
A13: 2024 | B13: 12 | C13: F02 | D13: =Tabelle!C21 -> 89.7 | E13: =Tabelle!C37 -> 100138 | F13: =Tabelle!C5 -> 357.13 | H13: =Tabelle!F122 -> 0.331 | I13: =F13*H13 -> 118.21003 | J13: =Tabelle!B122 -> 51593 | K13: =Tabelle!G96 -> 17063.94
A14: 2025 | B14: 1 | C14: F02 | D14: =Tabelle!C22 -> 99.7 | E14: =Tabelle!C38 -> 6278 | F14: =Tabelle!C6 -> 502.77 | H14: =Tabelle!F123 -> 0.335 | I14: =F14*H14 -> 168.42795 | J14: =Tabelle!B123 -> 61904 | K14: =Tabelle!G97 -> 20875.39
A15: 2025 | B15: 2 | C15: F02 | D15: =Tabelle!C23 -> 77.6 | E15: =Tabelle!C39 -> 41985 | F15: =Tabelle!C7 -> 286.44 | H15: =Tabelle!F124 -> 0.334 | I15: =F15*H15 -> 95.67096 | J15: =Tabelle!B124 -> 60366 | K15: =Tabelle!G98 -> 20173.7
A16: 2025 | B16: 3 | C16: F02 | D16: =Tabelle!C24 -> 53.7 | E16: =Tabelle!C40 -> 36925 | F16: =Tabelle!C8 -> 402.32 | H16: =Tabelle!F125 -> 0.286 | I16: =F16*H16 -> 115.06352 | J16: =Tabelle!B125 -> 58209 | K16: =Tabelle!G99 -> 16648.58
A17: 2025 | B17: 4 | C17: F02 | D17: =Tabelle!C25 -> 108.4 | E17: =Tabelle!C41 -> 19510 | F17: =Tabelle!C9 -> 398.69 | H17: =Tabelle!F126 -> 0.2655 | I17: =F17*H17 -> 105.85219 | J17: =Tabelle!B126 -> 41269 | K17: =Tabelle!G100 -> 10956.7
A18: 2025 | B18: 5 | C18: F02 | D18: =Tabelle!C26 -> 2.2 | E18: =Tabelle!C42 -> 500 | F18: =Tabelle!C10 -> 66.4 | H18: =Tabelle!F127 -> 0.2575 | I18: =F18*H18 -> 17.098 | J18: =Tabelle!B127 -> 30809 | K18: =Tabelle!G101 -> 7932.95
A19: 2025 | B19: 6 | C19: F02 | D19: =Tabelle!C27 -> 15.8 | E19: =Tabelle!C43 -> 4484 | F19: =Tabelle!C11 -> 146.03 | H19: =Tabelle!F128 -> 0.355 | I19: =F19*H19 -> 51.84065 | J19: =Tabelle!B128 -> 33644 | K19: =Tabelle!G102 -> 11949.42
A20: 2025 | B20: 7 | C20: F02 | D20: =Tabelle!C28 -> 115.1 | E20: =Tabelle!C44 -> 51000 | F20: =Tabelle!C12 -> 538.77 | H20: =Tabelle!F129 -> 0.296 | I20: =F20*H20 -> 159.47592 | J20: =Tabelle!B129 -> 51483 | K20: =Tabelle!G103 -> 15262.33
A21: 2025 | B21: 8 | C21: F02 | D21: =Tabelle!C29 -> 59.62 | E21: =Tabelle!C45 -> 35441 | F21: =Tabelle!C13 -> 163.2 | H21: =Tabelle!F130 -> 0.3268 | I21: =F21*H21 -> 53.33376 | J21: =Tabelle!B130 -> 17650 | K21: =Tabelle!G104 -> 5768.63
A22: 2025 | B22: 9 | C22: F02 | D22: =Tabelle!C30 -> 287.77 | E22: =Tabelle!C46 -> 112280 | F22: =Tabelle!C14 -> 746.4 | H22: =Tabelle!F131 -> 0.2732 | I22: =F22*H22 -> 203.91648 | J22: =Tabelle!B131 -> 47214 | K22: =Tabelle!G105 -> 12897.86
A23: 2025 | B23: 10 | C23: F02 | D23: =Tabelle!C31 -> 72.31 | E23: =Tabelle!C47 -> 28690 | F23: =Tabelle!C15 -> 800.61 | H23: =Tabelle!F132 -> 0.2134 | I23: =F23*H23 -> 170.85017 | J23: =Tabelle!B132 -> 47533 | K23: =Tabelle!G106 -> 13101.09
A24: 2025 | B24: 11 | C24: F02 | H24: =Tabelle!F133 -> 0.2261 | J24: =Tabelle!B133 -> 50662 | K24: =Tabelle!G111 -> 0
A25: 2025 | B25: 12 | C25: F02 | H25: =Tabelle!F134 -> 0 | J25: =Tabelle!B134 -> 0 | K25: =Tabelle!G112 -> 0

Sheet F03
A1: anno | B1: mese | C1: macchina o impianto | D1: ore produzione macchina | E1: pezzi prodotti | F1: consumo | G1: lettura | H1: costo energia | I1: costo macchina | J1: consumo da bolletta | K1: totale bolletta
A2: 2024 | B2: 1 | C2: F03 | D2: 181.16 | E2: 157102 | H2: =Tabelle!F111 -> 0.2557 | J2: =Tabelle!B111 -> 64934 | K2: =Tabelle!G85 -> 16601.39
A3: 2024 | B3: 2 | C3: F03 | D3: 228.07 | E3: 144108 | H3: =Tabelle!F112 -> 0.2378 | J3: =Tabelle!B112 -> 71197 | K3: =Tabelle!G86 -> 16934
A4: 2024 | B4: 3 | C4: F03 | D4: 14.89 | E4: 11200 | H4: =Tabelle!F113 -> 0.2428 | J4: =Tabelle!B113 -> 51152 | K4: =Tabelle!G87 -> 12419.74
A5: 2024 | B5: 4 | C5: F03 | D5: 12.3 | E5: 4860 | H5: =Tabelle!F114 -> 0.2416 | J5: =Tabelle!B114 -> 45316 | K5: =Tabelle!G88 -> 10948.47
A6: 2024 | B6: 5 | C6: F03 | D6: 133.93 | E6: 75309 | H6: =Tabelle!F115 -> 0.2507 | J6: =Tabelle!B115 -> 51330 | K6: =Tabelle!G89 -> 12868.58
A7: 2024 | B7: 6 | C7: F03 | D7: 9.27 | E7: 3083 | H7: =Tabelle!F116 -> 0.2722 | J7: =Tabelle!B116 -> 42151 | K7: =Tabelle!G90 -> 11473.9
A8: 2024 | B8: 7 | C8: F03 | D8: 93.51 | E8: 68064 | H8: =Tabelle!F117 -> 0.287 | J8: =Tabelle!B117 -> 67581 | K8: =Tabelle!G91 -> 19396.73
A9: 2024 | B9: 8 | C9: F03 | D9: 130.57 | E9: 106836 | H9: =Tabelle!F118 -> 0.3047 | J9: =Tabelle!B118 -> 44796 | K9: =Tabelle!G92 -> 13651.04
A10: 2024 | B10: 9 | C10: F03 | D10: 51.16 | E10: 37600 | H10: =Tabelle!F119 -> 0.2904 | J10: =Tabelle!B119 -> 52599 | K10: =Tabelle!G93 -> 15277.15
A11: 2024 | B11: 10 | C11: F03 | D11: 66.32 | E11: 48808 | H11: =Tabelle!F120 -> 0.2856 | J11: =Tabelle!B120 -> 54362 | K11: =Tabelle!G94 -> 15523.99
A12: 2024 | B12: 11 | C12: F03 | D12: =Tabelle!D20 -> 100.6 | E12: =Tabelle!D36 -> 71217 | F12: =Tabelle!D4 -> 931.35 | H12: =Tabelle!F121 -> 0.307 | I12: =F12*H12 -> 285.92445 | J12: =Tabelle!B121 -> 64157 | K12: =Tabelle!G95 -> 19751.41
A13: 2024 | B13: 12 | C13: F03 | D13: =Tabelle!D21 -> 18.7 | E13: =Tabelle!D37 -> 7167 | F13: =Tabelle!D5 -> 138.46 | H13: =Tabelle!F122 -> 0.331 | I13: =F13*H13 -> 45.83026 | J13: =Tabelle!B122 -> 51593 | K13: =Tabelle!G96 -> 17063.94
A14: 2025 | B14: 1 | C14: F03 | D14: =Tabelle!D22 -> 112.5 | E14: =Tabelle!D38 -> 32200 | F14: =Tabelle!D6 -> 562.68 | H14: =Tabelle!F123 -> 0.335 | I14: =F14*H14 -> 188.4978 | J14: =Tabelle!B123 -> 61904 | K14: =Tabelle!G97 -> 20875.39
A15: 2025 | B15: 2 | C15: F03 | D15: =Tabelle!D23 -> 137.8 | E15: =Tabelle!D39 -> 57200 | F15: =Tabelle!D7 -> 838.13 | H15: =Tabelle!F124 -> 0.334 | I15: =F15*H15 -> 279.93542 | J15: =Tabelle!B124 -> 60366 | K15: =Tabelle!G98 -> 20173.7
A16: 2025 | B16: 3 | C16: F03 | D16: =Tabelle!D24 -> 80.1 | E16: =Tabelle!D40 -> 46789 | F16: =Tabelle!D8 -> 740.02 | H16: =Tabelle!F125 -> 0.286 | I16: =F16*H16 -> 211.64572 | J16: =Tabelle!B125 -> 58209 | K16: =Tabelle!G99 -> 16648.58
A17: 2025 | B17: 4 | C17: F03 | D17: =Tabelle!D25 -> 167.4 | E17: =Tabelle!D41 -> 36400 | F17: =Tabelle!D9 -> 742.47 | H17: =Tabelle!F126 -> 0.2655 | I17: =F17*H17 -> 197.12579 | J17: =Tabelle!B126 -> 41269 | K17: =Tabelle!G100 -> 10956.7
A18: 2025 | B18: 5 | C18: F03 | D18: =Tabelle!D26 -> 4.4 | E18: =Tabelle!D42 -> 1303 | F18: =Tabelle!D10 -> 78.85 | H18: =Tabelle!F127 -> 0.2575 | I18: =F18*H18 -> 20.303875 | J18: =Tabelle!B127 -> 30809 | K18: =Tabelle!G101 -> 7932.95
A19: 2025 | B19: 6 | C19: F03 | D19: =Tabelle!D27 -> 21.1 | E19: =Tabelle!D43 -> 12400 | F19: =Tabelle!D11 -> 99.57 | H19: =Tabelle!F128 -> 0.355 | I19: =F19*H19 -> 35.34735 | J19: =Tabelle!B128 -> 33644 | K19: =Tabelle!G102 -> 11949.42
A20: 2025 | B20: 7 | C20: F03 | D20: =Tabelle!D28 -> 113 | E20: =Tabelle!D44 -> 79954 | F20: =Tabelle!D12 -> 622.53 | H20: =Tabelle!F129 -> 0.296 | I20: =F20*H20 -> 184.26888 | J20: =Tabelle!B129 -> 51483 | K20: =Tabelle!G103 -> 15262.33
A21: 2025 | B21: 8 | C21: F03 | D21: =Tabelle!D29 -> 0 | E21: =Tabelle!D45 -> 0 | F21: =Tabelle!D13 -> 24.93 | H21: =Tabelle!F130 -> 0.3268 | I21: =F21*H21 -> 8.147124 | J21: =Tabelle!B130 -> 17650 | K21: =Tabelle!G104 -> 5768.63
A22: 2025 | B22: 9 | C22: F03 | D22: =Tabelle!D30 -> 115.01 | E22: =Tabelle!D46 -> 88600 | F22: =Tabelle!D14 -> 786.97 | H22: =Tabelle!F131 -> 0.2732 | I22: =F22*H22 -> 215.0002 | J22: =Tabelle!B131 -> 47214 | K22: =Tabelle!G105 -> 12897.86
A23: 2025 | B23: 10 | C23: F03 | D23: =Tabelle!D31 -> 4.04 | E23: =Tabelle!D47 -> 2000 | F23: =Tabelle!D15 -> 401.65 | H23: =Tabelle!F132 -> 0.2134 | I23: =F23*H23 -> 85.71211 | J23: =Tabelle!B132 -> 47533 | K23: =Tabelle!G106 -> 13101.09
A24: 2025 | B24: 11 | C24: F03 | H24: =Tabelle!F133 -> 0.2261 | J24: =Tabelle!B133 -> 50662 | K24: =Tabelle!G111 -> 0
A25: 2025 | B25: 12 | C25: F03 | H25: =Tabelle!F134 -> 0 | J25: =Tabelle!B134 -> 0 | K25: =Tabelle!G112 -> 0

Sheet F04
A1: anno | B1: mese | C1: macchina o impianto | D1: ore produzione macchina | E1: pezzi prodotti | F1: consumo | G1: lettura | H1: costo energia | I1: costo macchina | J1: consumo da bolletta | K1: totale bolletta
A2: 2024 | B2: 1 | C2: F04 | D2: 127.93 | E2: 172860 | H2: =Tabelle!F111 -> 0.2557 | J2: =Tabelle!B111 -> 64934 | K2: =Tabelle!G85 -> 16601.39
A3: 2024 | B3: 2 | C3: F04 | D3: 102.95 | E3: 61844 | H3: =Tabelle!F112 -> 0.2378 | J3: =Tabelle!B112 -> 71197 | K3: =Tabelle!G86 -> 16934
A4: 2024 | B4: 3 | C4: F04 | D4: 7.27 | E4: 6400 | H4: =Tabelle!F113 -> 0.2428 | J4: =Tabelle!B113 -> 51152 | K4: =Tabelle!G87 -> 12419.74
A5: 2024 | B5: 4 | C5: F04 | D5: 48.6 | E5: 81568 | H5: =Tabelle!F114 -> 0.2416 | J5: =Tabelle!B114 -> 45316 | K5: =Tabelle!G88 -> 10948.47
A6: 2024 | B6: 5 | C6: F04 | D6: 20.81 | E6: 11408 | H6: =Tabelle!F115 -> 0.2507 | J6: =Tabelle!B115 -> 51330 | K6: =Tabelle!G89 -> 12868.58
A7: 2024 | B7: 6 | C7: F04 | D7: 63.95 | E7: 28352 | H7: =Tabelle!F116 -> 0.2722 | J7: =Tabelle!B116 -> 42151 | K7: =Tabelle!G90 -> 11473.9
A8: 2024 | B8: 7 | C8: F04 | D8: 87.18 | E8: 60676 | H8: =Tabelle!F117 -> 0.287 | J8: =Tabelle!B117 -> 67581 | K8: =Tabelle!G91 -> 19396.73
A9: 2024 | B9: 8 | C9: F04 | D9: 64.86 | E9: 20800 | H9: =Tabelle!F118 -> 0.3047 | J9: =Tabelle!B118 -> 44796 | K9: =Tabelle!G92 -> 13651.04
A10: 2024 | B10: 9 | C10: F04 | D10: 49.66 | E10: 19730 | H10: =Tabelle!F119 -> 0.2904 | J10: =Tabelle!B119 -> 52599 | K10: =Tabelle!G93 -> 15277.15
A11: 2024 | B11: 10 | C11: F04 | D11: 162.34 | E11: 151024 | H11: =Tabelle!F120 -> 0.2856 | J11: =Tabelle!B120 -> 54362 | K11: =Tabelle!G94 -> 15523.99
A12: 2024 | B12: 11 | C12: F04 | D12: =Tabelle!E20 -> 9.6 | E12: =Tabelle!E36 -> 6000 | F12: =Tabelle!E4 -> 243.97 | H12: =Tabelle!F121 -> 0.307 | I12: =F12*H12 -> 74.89879 | J12: =Tabelle!B121 -> 64157 | K12: =Tabelle!G95 -> 19751.41
A13: 2024 | B13: 12 | C13: F04 | D13: =Tabelle!E21 -> 99.3 | E13: =Tabelle!E37 -> 50921 | F13: =Tabelle!E5 -> 836.27 | H13: =Tabelle!F122 -> 0.331 | I13: =F13*H13 -> 276.80537 | J13: =Tabelle!B122 -> 51593 | K13: =Tabelle!G96 -> 17063.94
A14: 2025 | B14: 1 | C14: F04 | D14: =Tabelle!E22 -> 112.9 | E14: =Tabelle!E38 -> 99119 | F14: =Tabelle!E6 -> 1220.5 | H14: =Tabelle!F123 -> 0.335 | I14: =F14*H14 -> 408.8675 | J14: =Tabelle!B123 -> 61904 | K14: =Tabelle!G97 -> 20875.39
A15: 2025 | B15: 2 | C15: F04 | D15: =Tabelle!E23 -> 129 | E15: =Tabelle!E39 -> 90878 | F15: =Tabelle!E7 -> 838.96 | H15: =Tabelle!F124 -> 0.334 | I15: =F15*H15 -> 280.21264 | J15: =Tabelle!B124 -> 60366 | K15: =Tabelle!G98 -> 20173.7
A16: 2025 | B16: 3 | C16: F04 | D16: =Tabelle!E24 -> 193.5 | E16: =Tabelle!E40 -> 182385 | F16: =Tabelle!E8 -> 1330.61 | H16: =Tabelle!F125 -> 0.286 | I16: =F16*H16 -> 380.55446 | J16: =Tabelle!B125 -> 58209 | K16: =Tabelle!G99 -> 16648.58
A17: 2025 | B17: 4 | C17: F04 | D17: =Tabelle!E25 -> 27.1 | E17: =Tabelle!E41 -> 22558 | F17: =Tabelle!E9 -> 566.89 | H17: =Tabelle!F126 -> 0.2655 | I17: =F17*H17 -> 150.5093 | J17: =Tabelle!B126 -> 41269 | K17: =Tabelle!G100 -> 10956.7
A18: 2025 | B18: 5 | C18: F04 | D18: =Tabelle!E26 -> 22.7 | E18: =Tabelle!E42 -> 13000 | F18: =Tabelle!E10 -> 460.46 | H18: =Tabelle!F127 -> 0.2575 | I18: =F18*H18 -> 118.56845 | J18: =Tabelle!B127 -> 30809 | K18: =Tabelle!G101 -> 7932.95
A19: 2025 | B19: 6 | C19: F04 | D19: =Tabelle!E27 -> 66.8 | E19: =Tabelle!E43 -> 36424 | F19: =Tabelle!E11 -> 1011.51 | H19: =Tabelle!F128 -> 0.355 | I19: =F19*H19 -> 359.08605 | J19: =Tabelle!B128 -> 33644 | K19: =Tabelle!G102 -> 11949.42
A20: 2025 | B20: 7 | C20: F04 | D20: =Tabelle!E28 -> 201.7 | E20: =Tabelle!E44 -> 124631 | F20: =Tabelle!E12 -> 1784 | H20: =Tabelle!F129 -> 0.296 | I20: =F20*H20 -> 528.064 | J20: =Tabelle!B129 -> 51483 | K20: =Tabelle!G103 -> 15262.33
A21: 2025 | B21: 8 | C21: F04 | D21: =Tabelle!E29 -> 18.37 | E21: =Tabelle!E45 -> 9065 | F21: =Tabelle!E13 -> 363.29 | H21: =Tabelle!F130 -> 0.3268 | I21: =F21*H21 -> 118.72317 | J21: =Tabelle!B130 -> 17650 | K21: =Tabelle!G104 -> 5768.63
A22: 2025 | B22: 9 | C22: F04 | D22: =Tabelle!E30 -> 53.02 | E22: =Tabelle!E46 -> 44000 | F22: =Tabelle!E14 -> 752.92 | H22: =Tabelle!F131 -> 0.2732 | I22: =F22*H22 -> 205.69774 | J22: =Tabelle!B131 -> 47214 | K22: =Tabelle!G105 -> 12897.86
A23: 2025 | B23: 10 | C23: F04 | D23: =Tabelle!E31 -> 19.01 | E23: =Tabelle!E47 -> 9876 | F23: =Tabelle!E15 -> 935.37 | H23: =Tabelle!F132 -> 0.2134 | I23: =F23*H23 -> 199.60796 | J23: =Tabelle!B132 -> 47533 | K23: =Tabelle!G106 -> 13101.09
A24: 2025 | B24: 11 | C24: F04 | H24: =Tabelle!F133 -> 0.2261 | I24: =F24*H24 -> 0 | J24: =Tabelle!B133 -> 50662 | K24: =Tabelle!G111 -> 0
A25: 2025 | B25: 12 | C25: F04 | H25: =Tabelle!F134 -> 0 | I25: =F25*H25 -> 0 | J25: =Tabelle!B134 -> 0 | K25: =Tabelle!G112 -> 0

Sheet F05
A1: anno | B1: mese | C1: macchina o impianto | D1: ore produzione macchina | E1: pezzi prodotti | F1: consumo | G1: lettura | H1: costo energia | I1: costo macchina | J1: consumo da bolletta | K1: totale bolletta
A2: 2024 | B2: 1 | C2: F05 | D2: 53.21 | E2: 71235 | H2: =Tabelle!F111 -> 0.2557 | J2: =Tabelle!B111 -> 64934 | K2: =Tabelle!G85 -> 16601.39
A3: 2024 | B3: 2 | C3: F05 | D3: 7.77 | E3: 11620 | H3: =Tabelle!F112 -> 0.2378 | J3: =Tabelle!B112 -> 71197 | K3: =Tabelle!G86 -> 16934
A4: 2024 | B4: 3 | C4: F05 | D4: 101.11 | E4: 77660 | H4: =Tabelle!F113 -> 0.2428 | J4: =Tabelle!B113 -> 51152 | K4: =Tabelle!G87 -> 12419.74
A5: 2024 | B5: 4 | C5: F05 | D5: 40.97 | E5: 60016 | H5: =Tabelle!F114 -> 0.2416 | J5: =Tabelle!B114 -> 45316 | K5: =Tabelle!G88 -> 10948.47
A6: 2024 | B6: 5 | C6: F05 | D6: 176.24 | E6: 58884 | H6: =Tabelle!F115 -> 0.2507 | J6: =Tabelle!B115 -> 51330 | K6: =Tabelle!G89 -> 12868.58
A7: 2024 | B7: 6 | C7: F05 | D7: 43.78 | E7: 33600 | H7: =Tabelle!F116 -> 0.2722 | J7: =Tabelle!B116 -> 42151 | K7: =Tabelle!G90 -> 11473.9
A8: 2024 | B8: 7 | C8: F05 | D8: 102.16 | E8: 81250 | H8: =Tabelle!F117 -> 0.287 | J8: =Tabelle!B117 -> 67581 | K8: =Tabelle!G91 -> 19396.73
A9: 2024 | B9: 8 | C9: F05 | D9: 16.37 | E9: 13900 | H9: =Tabelle!F118 -> 0.3047 | J9: =Tabelle!B118 -> 44796 | K9: =Tabelle!G92 -> 13651.04
A10: 2024 | B10: 9 | C10: F05 | D10: 27.76 | E10: 35916 | H10: =Tabelle!F119 -> 0.2904 | J10: =Tabelle!B119 -> 52599 | K10: =Tabelle!G93 -> 15277.15
A11: 2024 | B11: 10 | C11: F05 | D11: 135.31 | E11: 182384 | H11: =Tabelle!F120 -> 0.2856 | J11: =Tabelle!B120 -> 54362 | K11: =Tabelle!G94 -> 15523.99
A12: 2024 | B12: 11 | C12: F05 | D12: =Tabelle!F20 -> 86.7 | E12: =Tabelle!F36 -> 80240 | F12: =Tabelle!F4 -> 1109.48 | H12: =Tabelle!F121 -> 0.307 | I12: =F12*H12 -> 340.61036 | J12: =Tabelle!B121 -> 64157 | K12: =Tabelle!G95 -> 19751.41
A13: 2024 | B13: 12 | C13: F05 | D13: =Tabelle!F21 -> 49.9 | E13: =Tabelle!F37 -> 62800 | F13: =Tabelle!F5 -> 727.99 | H13: =Tabelle!F122 -> 0.331 | I13: =F13*H13 -> 240.96469 | J13: =Tabelle!B122 -> 51593 | K13: =Tabelle!G96 -> 17063.94
A14: 2025 | B14: 1 | C14: F05 | D14: =Tabelle!F22 -> 50.2 | E14: =Tabelle!F38 -> 56800 | F14: =Tabelle!F6 -> 966.37 | H14: =Tabelle!F123 -> 0.335 | I14: =F14*H14 -> 323.73395 | J14: =Tabelle!B123 -> 61904 | K14: =Tabelle!G97 -> 20875.39
A15: 2025 | B15: 2 | C15: F05 | D15: =Tabelle!F23 -> 214.2 | E15: =Tabelle!F39 -> 7216 | F15: =Tabelle!F7 -> 768.65 | H15: =Tabelle!F124 -> 0.334 | I15: =F15*H15 -> 256.7291 | J15: =Tabelle!B124 -> 60366 | K15: =Tabelle!G98 -> 20173.7
A16: 2025 | B16: 3 | C16: F05 | D16: =Tabelle!F24 -> 278.1 | E16: =Tabelle!F40 -> 66544 | F16: =Tabelle!F8 -> 1248.24 | H16: =Tabelle!F125 -> 0.286 | I16: =F16*H16 -> 356.99664 | J16: =Tabelle!B125 -> 58209 | K16: =Tabelle!G99 -> 16648.58
A17: 2025 | B17: 4 | C17: F05 | D17: =Tabelle!F25 -> 43 | E17: =Tabelle!F41 -> 44400 | F17: =Tabelle!F9 -> 1022.11 | H17: =Tabelle!F126 -> 0.2655 | I17: =F17*H17 -> 271.3702 | J17: =Tabelle!B126 -> 41269 | K17: =Tabelle!G100 -> 10956.7
A18: 2025 | B18: 5 | C18: F05 | D18: =Tabelle!F26 -> 66 | E18: =Tabelle!F42 -> 45988 | F18: =Tabelle!F10 -> 1035.31 | H18: =Tabelle!F127 -> 0.2575 | I18: =F18*H18 -> 266.59233 | J18: =Tabelle!B127 -> 30809 | K18: =Tabelle!G101 -> 7932.95
A19: 2025 | B19: 6 | C19: F05 | D19: =Tabelle!F27 -> 30.6 | E19: =Tabelle!F43 -> 25456 | F19: =Tabelle!F11 -> 658.19 | H19: =Tabelle!F128 -> 0.355 | I19: =F19*H19 -> 233.65745 | J19: =Tabelle!B128 -> 33644 | K19: =Tabelle!G102 -> 11949.42
A20: 2025 | B20: 7 | C20: F05 | D20: =Tabelle!F28 -> 72.5 | E20: =Tabelle!F44 -> 85935 | F20: =Tabelle!F12 -> 1172.1 | H20: =Tabelle!F129 -> 0.296 | I20: =F20*H20 -> 346.9416 | J20: =Tabelle!B129 -> 51483 | K20: =Tabelle!G103 -> 15262.33
A21: 2025 | B21: 8 | C21: F05 | D21: =Tabelle!F29 -> 20.61 | E21: =Tabelle!F45 -> 18480 | F21: =Tabelle!F13 -> 211.58 | H21: =Tabelle!F130 -> 0.3268 | I21: =F21*H21 -> 69.144344 | J21: =Tabelle!B130 -> 17650 | K21: =Tabelle!G104 -> 5768.63
A22: 2025 | B22: 9 | C22: F05 | D22: =Tabelle!F30 -> 30.81 | E22: =Tabelle!F46 -> 33648 | F22: =Tabelle!F14 -> 1024.98 | H22: =Tabelle!F131 -> 0.2732 | I22: =F22*H22 -> 280.02454 | J22: =Tabelle!B131 -> 47214 | K22: =Tabelle!G105 -> 12897.86
A23: 2025 | B23: 10 | C23: F05 | D23: =Tabelle!F31 -> 0 | E23: =Tabelle!F47 -> 0 | F23: =Tabelle!F15 -> 445.95 | H23: =Tabelle!F132 -> 0.2134 | I23: =F23*H23 -> 95.16573 | J23: =Tabelle!B132 -> 47533 | K23: =Tabelle!G106 -> 13101.09
A24: 2025 | B24: 11 | C24: F05 | H24: =Tabelle!F133 -> 0.2261 | J24: =Tabelle!B133 -> 50662 | K24: =Tabelle!G111 -> 0
A25: 2025 | B25: 12 | C25: F05 | H25: =Tabelle!F134 -> 0 | J25: =Tabelle!B134 -> 0 | K25: =Tabelle!G112 -> 0

Sheet F06
A1: anno | B1: mese | C1: macchina o impianto | D1: ore produzione macchina | E1: pezzi prodotti | F1: consumo | G1: lettura | H1: costo energia | I1: costo macchina | J1: consumo da bolletta | K1: totale bolletta
A2: 2024 | B2: 1 | C2: F06 | D2: 117.3 | E2: 54560 | H2: =Tabelle!F111 -> 0.2557 | J2: =Tabelle!B111 -> 64934 | K2: =Tabelle!G85 -> 16601.39
A3: 2024 | B3: 2 | C3: F06 | D3: 187.55 | E3: 82968 | H3: =Tabelle!F112 -> 0.2378 | J3: =Tabelle!B112 -> 71197 | K3: =Tabelle!G86 -> 16934
A4: 2024 | B4: 3 | C4: F06 | D4: 3.82 | E4: 1872 | H4: =Tabelle!F113 -> 0.2428 | J4: =Tabelle!B113 -> 51152 | K4: =Tabelle!G87 -> 12419.74
A5: 2024 | B5: 4 | C5: F06 | D5: 41.12 | E5: 3948 | H5: =Tabelle!F114 -> 0.2416 | J5: =Tabelle!B114 -> 45316 | K5: =Tabelle!G88 -> 10948.47
A6: 2024 | B6: 5 | C6: F06 | D6: 243.62 | E6: 23364 | H6: =Tabelle!F115 -> 0.2507 | J6: =Tabelle!B115 -> 51330 | K6: =Tabelle!G89 -> 12868.58
A7: 2024 | B7: 6 | C7: F06 | D7: 22.67 | E7: 8150 | H7: =Tabelle!F116 -> 0.2722 | J7: =Tabelle!B116 -> 42151 | K7: =Tabelle!G90 -> 11473.9
A8: 2024 | B8: 7 | C8: F06 | D8: 198.35 | E8: 47590 | H8: =Tabelle!F117 -> 0.287 | J8: =Tabelle!B117 -> 67581 | K8: =Tabelle!G91 -> 19396.73
A9: 2024 | B9: 8 | C9: F06 | D9: 35.06 | E9: 17544 | H9: =Tabelle!F118 -> 0.3047 | J9: =Tabelle!B118 -> 44796 | K9: =Tabelle!G92 -> 13651.04
A10: 2024 | B10: 9 | C10: F06 | D10: 66.39 | E10: 29790 | H10: =Tabelle!F119 -> 0.2904 | J10: =Tabelle!B119 -> 52599 | K10: =Tabelle!G93 -> 15277.15
A11: 2024 | B11: 10 | C11: F06 | D11: 0 | E11: 0 | H11: =Tabelle!F120 -> 0.2856 | J11: =Tabelle!B120 -> 54362 | K11: =Tabelle!G94 -> 15523.99
A12: 2024 | B12: 11 | C12: F06 | D12: =Tabelle!G20 -> 145.9 | E12: =Tabelle!G36 -> 67158 | F12: =Tabelle!G4 -> 1373.24 | H12: =Tabelle!F121 -> 0.307 | I12: =F12*H12 -> 421.58468 | J12: =Tabelle!B121 -> 64157 | K12: =Tabelle!G95 -> 19751.41
A13: 2024 | B13: 12 | C13: F06 | D13: =Tabelle!G21 -> 61 | E13: =Tabelle!G37 -> 26980 | F13: =Tabelle!G5 -> 597.15 | H13: =Tabelle!F122 -> 0.331 | I13: =F13*H13 -> 197.65665 | J13: =Tabelle!B122 -> 51593 | K13: =Tabelle!G96 -> 17063.94
A14: 2025 | B14: 1 | C14: F06 | D14: =Tabelle!G22 -> 96 | E14: =Tabelle!G38 -> 41000 | F14: =Tabelle!G6 -> 824.66 | H14: =Tabelle!F123 -> 0.335 | I14: =F14*H14 -> 276.2611 | J14: =Tabelle!B123 -> 61904 | K14: =Tabelle!G97 -> 20875.39
A15: 2025 | B15: 2 | C15: F06 | D15: =Tabelle!G23 -> 66.9 | E15: =Tabelle!G39 -> 21616 | F15: =Tabelle!G7 -> 747.68 | H15: =Tabelle!F124 -> 0.334 | I15: =F15*H15 -> 249.72512 | J15: =Tabelle!B124 -> 60366 | K15: =Tabelle!G98 -> 20173.7
A16: 2025 | B16: 3 | C16: F06 | D16: =Tabelle!G24 -> 202.5 | E16: =Tabelle!G40 -> 40006 | F16: =Tabelle!G8 -> 1177.48 | H16: =Tabelle!F125 -> 0.286 | I16: =F16*H16 -> 336.75928 | J16: =Tabelle!B125 -> 58209 | K16: =Tabelle!G99 -> 16648.58
A17: 2025 | B17: 4 | C17: F06 | D17: =Tabelle!G25 -> 124.6 | E17: =Tabelle!G41 -> 22826 | F17: =Tabelle!G9 -> 728.78 | H17: =Tabelle!F126 -> 0.2655 | I17: =F17*H17 -> 193.49109 | J17: =Tabelle!B126 -> 41269 | K17: =Tabelle!G100 -> 10956.7
A18: 2025 | B18: 5 | C18: F06 | D18: =Tabelle!G26 -> 116.7 | E18: =Tabelle!G42 -> 44200 | F18: =Tabelle!G10 -> 1032.12 | H18: =Tabelle!F127 -> 0.2575 | I18: =F18*H18 -> 265.7709 | J18: =Tabelle!B127 -> 30809 | K18: =Tabelle!G101 -> 7932.95
A19: 2025 | B19: 6 | C19: F06 | D19: =Tabelle!G27 -> 51.6 | E19: =Tabelle!G43 -> 33550 | F19: =Tabelle!G11 -> 551.61 | H19: =Tabelle!F128 -> 0.355 | I19: =F19*H19 -> 195.82155 | J19: =Tabelle!B128 -> 33644 | K19: =Tabelle!G102 -> 11949.42
A20: 2025 | B20: 7 | C20: F06 | D20: =Tabelle!G28 -> 32.6 | E20: =Tabelle!G44 -> 41334 | F20: =Tabelle!G12 -> 446.96 | H20: =Tabelle!F129 -> 0.296 | I20: =F20*H20 -> 132.30016 | J20: =Tabelle!B129 -> 51483 | K20: =Tabelle!G103 -> 15262.33
A21: 2025 | B21: 8 | C21: F06 | D21: =Tabelle!G29 -> 2.08 | E21: =Tabelle!G45 -> 200 | F21: =Tabelle!G13 -> 113.36 | H21: =Tabelle!F130 -> 0.3268 | I21: =F21*H21 -> 37.046048 | J21: =Tabelle!B130 -> 17650 | K21: =Tabelle!G104 -> 5768.63
A22: 2025 | B22: 9 | C22: F06 | D22: =Tabelle!G30 -> 78.24 | E22: =Tabelle!G46 -> 52692 | F22: =Tabelle!G14 -> 672.85 | H22: =Tabelle!F131 -> 0.2732 | I22: =F22*H22 -> 183.82262 | J22: =Tabelle!B131 -> 47214 | K22: =Tabelle!G105 -> 12897.86
A23: 2025 | B23: 10 | C23: F06 | D23: =Tabelle!G31 -> 60.92 | E23: =Tabelle!G47 -> 29500 | F23: =Tabelle!G15 -> 897.53 | H23: =Tabelle!F132 -> 0.2134 | I23: =F23*H23 -> 191.5329 | J23: =Tabelle!B132 -> 47533 | K23: =Tabelle!G106 -> 13101.09
A24: 2025 | B24: 11 | C24: F06 | H24: =Tabelle!F133 -> 0.2261 | J24: =Tabelle!B133 -> 50662 | K24: =Tabelle!G111 -> 0
A25: 2025 | B25: 12 | C25: F06 | H25: =Tabelle!F134 -> 0 | J25: =Tabelle!B134 -> 0 | K25: =Tabelle!G112 -> 0

Sheet F07
A1: anno | B1: mese | C1: macchina o impianto | D1: ore produzione macchina | E1: pezzi prodotti | F1: consumo | G1: lettura | H1: costo energia | I1: costo macchina | J1: consumo da bolletta | K1: totale bolletta
A2: 2024 | B2: 1 | C2: F07 | D2: 129.86 | E2: 145474 | H2: =Tabelle!F111 -> 0.2557 | J2: =Tabelle!B111 -> 64934 | K2: =Tabelle!G85 -> 16601.39
A3: 2024 | B3: 2 | C3: F07 | D3: 52.81 | E3: 53208 | H3: =Tabelle!F112 -> 0.2378 | J3: =Tabelle!B112 -> 71197 | K3: =Tabelle!G86 -> 16934
A4: 2024 | B4: 3 | C4: F07 | D4: 172.01 | E4: 61792 | H4: =Tabelle!F113 -> 0.2428 | J4: =Tabelle!B113 -> 51152 | K4: =Tabelle!G87 -> 12419.74
A5: 2024 | B5: 4 | C5: F07 | D5: 9.83 | E5: 5000 | H5: =Tabelle!F114 -> 0.2416 | J5: =Tabelle!B114 -> 45316 | K5: =Tabelle!G88 -> 10948.47
A6: 2024 | B6: 5 | C6: F07 | D6: 37.41 | E6: 17596 | H6: =Tabelle!F115 -> 0.2507 | J6: =Tabelle!B115 -> 51330 | K6: =Tabelle!G89 -> 12868.58
A7: 2024 | B7: 6 | C7: F07 | D7: 34.11 | E7: 6200 | H7: =Tabelle!F116 -> 0.2722 | J7: =Tabelle!B116 -> 42151 | K7: =Tabelle!G90 -> 11473.9
A8: 2024 | B8: 7 | C8: F07 | D8: 20.08 | E8: 9210 | H8: =Tabelle!F117 -> 0.287 | J8: =Tabelle!B117 -> 67581 | K8: =Tabelle!G91 -> 19396.73
A9: 2024 | B9: 8 | C9: F07 | D9: 84.86 | E9: 38850 | H9: =Tabelle!F118 -> 0.3047 | J9: =Tabelle!B118 -> 44796 | K9: =Tabelle!G92 -> 13651.04
A10: 2024 | B10: 9 | C10: F07 | D10: 52.05 | E10: 22439 | H10: =Tabelle!F119 -> 0.2904 | J10: =Tabelle!B119 -> 52599 | K10: =Tabelle!G93 -> 15277.15
A11: 2024 | B11: 10 | C11: F07 | D11: 51.1 | E11: 22392 | H11: =Tabelle!F120 -> 0.2856 | J11: =Tabelle!B120 -> 54362 | K11: =Tabelle!G94 -> 15523.99
A12: 2024 | B12: 11 | C12: F07 | D12: =Tabelle!H20 -> 175.2 | E12: =Tabelle!H36 -> 86620 | F12: =Tabelle!H4 -> 1496.8 | H12: =Tabelle!F121 -> 0.307 | I12: =F12*H12 -> 459.5176 | J12: =Tabelle!B121 -> 64157 | K12: =Tabelle!G95 -> 19751.41
A13: 2024 | B13: 12 | C13: F07 | D13: =Tabelle!H21 -> 103.7 | E13: =Tabelle!H37 -> 60888 | F13: =Tabelle!H5 -> 1222.84 | H13: =Tabelle!F122 -> 0.331 | I13: =F13*H13 -> 404.76004 | J13: =Tabelle!B122 -> 51593 | K13: =Tabelle!G96 -> 17063.94
A14: 2025 | B14: 1 | C14: F07 | D14: =Tabelle!H22 -> 130.7 | E14: =Tabelle!H38 -> 35268 | F14: =Tabelle!H6 -> 828.56 | H14: =Tabelle!F123 -> 0.335 | I14: =F14*H14 -> 277.5676 | J14: =Tabelle!B123 -> 61904 | K14: =Tabelle!G97 -> 20875.39
A15: 2025 | B15: 2 | C15: F07 | D15: =Tabelle!H23 -> 39.5 | E15: =Tabelle!H39 -> 10207 | F15: =Tabelle!H7 -> 644.72 | H15: =Tabelle!F124 -> 0.334 | I15: =F15*H15 -> 215.33648 | J15: =Tabelle!B124 -> 60366 | K15: =Tabelle!G98 -> 20173.7
A16: 2025 | B16: 3 | C16: F07 | D16: =Tabelle!H24 -> 74.3 | E16: =Tabelle!H40 -> 36000 | F16: =Tabelle!H8 -> 1169.04 | H16: =Tabelle!F125 -> 0.286 | I16: =F16*H16 -> 334.34544 | J16: =Tabelle!B125 -> 58209 | K16: =Tabelle!G99 -> 16648.58
A17: 2025 | B17: 4 | C17: F07 | D17: =Tabelle!H25 -> 47.6 | E17: =Tabelle!H41 -> 26552 | F17: =Tabelle!H9 -> 911.76 | H17: =Tabelle!F126 -> 0.2655 | I17: =F17*H17 -> 242.07228 | J17: =Tabelle!B126 -> 41269 | K17: =Tabelle!G100 -> 10956.7
A18: 2025 | B18: 5 | C18: F07 | D18: =Tabelle!H26 -> 0 | E18: =Tabelle!H42 -> 0 | F18: =Tabelle!H10 -> 341.74 | H18: =Tabelle!F127 -> 0.2575 | I18: =F18*H18 -> 87.99805 | J18: =Tabelle!B127 -> 30809 | K18: =Tabelle!G101 -> 7932.95
A19: 2025 | B19: 6 | C19: F07 | D19: =Tabelle!H27 -> 47.1 | E19: =Tabelle!H43 -> 14836 | F19: =Tabelle!H11 -> 711.03 | H19: =Tabelle!F128 -> 0.355 | I19: =F19*H19 -> 252.41565 | J19: =Tabelle!B128 -> 33644 | K19: =Tabelle!G102 -> 11949.42
A20: 2025 | B20: 7 | C20: F07 | D20: =Tabelle!H28 -> 56.1 | E20: =Tabelle!H44 -> 46226 | F20: =Tabelle!H12 -> 601.34 | H20: =Tabelle!F129 -> 0.296 | I20: =F20*H20 -> 177.99664 | J20: =Tabelle!B129 -> 51483 | K20: =Tabelle!G103 -> 15262.33
A21: 2025 | B21: 8 | C21: F07 | D21: =Tabelle!H29 -> 53.68 | E21: =Tabelle!H45 -> 51700 | F21: =Tabelle!H13 -> 238.85 | H21: =Tabelle!F130 -> 0.3268 | I21: =F21*H21 -> 78.05618 | J21: =Tabelle!B130 -> 17650 | K21: =Tabelle!G104 -> 5768.63
A22: 2025 | B22: 9 | C22: F07 | D22: =Tabelle!H30 -> 220.84 | E22: =Tabelle!H46 -> 174681 | F22: =Tabelle!H14 -> 1110.88 | H22: =Tabelle!F131 -> 0.2732 | I22: =F22*H22 -> 303.49242 | J22: =Tabelle!B131 -> 47214 | K22: =Tabelle!G105 -> 12897.86
A23: 2025 | B23: 10 | C23: F07 | D23: =Tabelle!H31 -> 26.5 | E23: =Tabelle!H47 -> 27000 | F23: =Tabelle!H15 -> 959.77 | H23: =Tabelle!F132 -> 0.2134 | I23: =F23*H23 -> 204.81492 | J23: =Tabelle!B132 -> 47533 | K23: =Tabelle!G106 -> 13101.09
A24: 2025 | B24: 11 | C24: F07 | H24: =Tabelle!F133 -> 0.2261 | J24: =Tabelle!B133 -> 50662 | K24: =Tabelle!G111 -> 0
A25: 2025 | B25: 12 | C25: F07 | H25: =Tabelle!F134 -> 0 | J25: =Tabelle!B134 -> 0 | K25: =Tabelle!G112 -> 0

Sheet F08
A1: anno | B1: mese | C1: macchina o impianto | D1: ore produzione macchina | E1: pezzi prodotti | F1: consumo | G1: lettura | H1: costo energia | I1: costo macchina | J1: consumo da bolletta | K1: totale bolletta
A2: 2024 | B2: 1 | C2: F08 | D2: 93.13 | E2: 56800 | H2: =Tabelle!F111 -> 0.2557 | J2: =Tabelle!B111 -> 64934 | K2: =Tabelle!G85 -> 16601.39
A3: 2024 | B3: 2 | C3: F08 | D3: 46.78 | E3: 47188 | H3: =Tabelle!F112 -> 0.2378 | J3: =Tabelle!B112 -> 71197 | K3: =Tabelle!G86 -> 16934
A4: 2024 | B4: 3 | C4: F08 | D4: 70.5 | E4: 13740 | H4: =Tabelle!F113 -> 0.2428 | J4: =Tabelle!B113 -> 51152 | K4: =Tabelle!G87 -> 12419.74
A5: 2024 | B5: 4 | C5: F08 | D5: 12.87 | E5: 2766 | H5: =Tabelle!F114 -> 0.2416 | J5: =Tabelle!B114 -> 45316 | K5: =Tabelle!G88 -> 10948.47
A6: 2024 | B6: 5 | C6: F08 | D6: 0.11 | E6: 24 | H6: =Tabelle!F115 -> 0.2507 | J6: =Tabelle!B115 -> 51330 | K6: =Tabelle!G89 -> 12868.58
A7: 2024 | B7: 6 | C7: F08 | D7: 0.43 | E7: 248 | H7: =Tabelle!F116 -> 0.2722 | J7: =Tabelle!B116 -> 42151 | K7: =Tabelle!G90 -> 11473.9
A8: 2024 | B8: 7 | C8: F08 | D8: 29.16 | E8: 25648 | H8: =Tabelle!F117 -> 0.287 | J8: =Tabelle!B117 -> 67581 | K8: =Tabelle!G91 -> 19396.73
A9: 2024 | B9: 8 | C9: F08 | D9: 32.63 | E9: 8515 | H9: =Tabelle!F118 -> 0.3047 | J9: =Tabelle!B118 -> 44796 | K9: =Tabelle!G92 -> 13651.04
A10: 2024 | B10: 9 | C10: F08 | D10: 53.67 | E10: 26900 | H10: =Tabelle!F119 -> 0.2904 | J10: =Tabelle!B119 -> 52599 | K10: =Tabelle!G93 -> 15277.15
A11: 2024 | B11: 10 | C11: F08 | D11: 35.61 | E11: 14098 | H11: =Tabelle!F120 -> 0.2856 | J11: =Tabelle!B120 -> 54362 | K11: =Tabelle!G94 -> 15523.99
A12: 2024 | B12: 11 | C12: F08 | D12: =Tabelle!I20 -> 121.9 | E12: =Tabelle!I36 -> 31407 | F12: =Tabelle!I4 -> 835.77 | H12: =Tabelle!F121 -> 0.307 | I12: =F12*H12 -> 256.58139 | J12: =Tabelle!B121 -> 64157 | K12: =Tabelle!G95 -> 19751.41
A13: 2024 | B13: 12 | C13: F08 | D13: =Tabelle!I21 -> 72 | E13: =Tabelle!I37 -> 48221 | F13: =Tabelle!I5 -> 578.67 | H13: =Tabelle!F122 -> 0.331 | I13: =F13*H13 -> 191.53977 | J13: =Tabelle!B122 -> 51593 | K13: =Tabelle!G96 -> 17063.94
A14: 2025 | B14: 1 | C14: F08 | D14: =Tabelle!I22 -> 147.6 | E14: =Tabelle!I38 -> 67400 | F14: =Tabelle!I6 -> 910.71 | H14: =Tabelle!F123 -> 0.335 | I14: =F14*H14 -> 305.08785 | J14: =Tabelle!B123 -> 61904 | K14: =Tabelle!G97 -> 20875.39
A15: 2025 | B15: 2 | C15: F08 | D15: =Tabelle!I23 -> 37.1 | E15: =Tabelle!I39 -> 23510 | F15: =Tabelle!I7 -> 770.35 | H15: =Tabelle!F124 -> 0.334 | I15: =F15*H15 -> 257.2969 | J15: =Tabelle!B124 -> 60366 | K15: =Tabelle!G98 -> 20173.7
A16: 2025 | B16: 3 | C16: F08 | D16: =Tabelle!I24 -> 77.5 | E16: =Tabelle!I40 -> 11300 | F16: =Tabelle!I8 -> 1060.23 | H16: =Tabelle!F125 -> 0.286 | I16: =F16*H16 -> 303.22578 | J16: =Tabelle!B125 -> 58209 | K16: =Tabelle!G99 -> 16648.58
A17: 2025 | B17: 4 | C17: F08 | D17: =Tabelle!I25 -> 70.6 | E17: =Tabelle!I41 -> 15552 | F17: =Tabelle!I9 -> 824.31 | H17: =Tabelle!F126 -> 0.2655 | I17: =F17*H17 -> 218.85431 | J17: =Tabelle!B126 -> 41269 | K17: =Tabelle!G100 -> 10956.7
A18: 2025 | B18: 5 | C18: F08 | D18: =Tabelle!I26 -> 58.7 | E18: =Tabelle!I42 -> 11985 | F18: =Tabelle!I10 -> 586.48 | H18: =Tabelle!F127 -> 0.2575 | I18: =F18*H18 -> 151.0186 | J18: =Tabelle!B127 -> 30809 | K18: =Tabelle!G101 -> 7932.95
A19: 2025 | B19: 6 | C19: F08 | D19: =Tabelle!I27 -> 83.5 | E19: =Tabelle!I43 -> 14828 | F19: =Tabelle!I11 -> 840.06 | H19: =Tabelle!F128 -> 0.355 | I19: =F19*H19 -> 298.2213 | J19: =Tabelle!B128 -> 33644 | K19: =Tabelle!G102 -> 11949.42
A20: 2025 | B20: 7 | C20: F08 | D20: =Tabelle!I28 -> 131.1 | E20: =Tabelle!I44 -> 115922 | F20: =Tabelle!I12 -> 1044.72 | H20: =Tabelle!F129 -> 0.296 | I20: =F20*H20 -> 309.23712 | J20: =Tabelle!B129 -> 51483 | K20: =Tabelle!G103 -> 15262.33
A21: 2025 | B21: 8 | C21: F08 | D21: =Tabelle!I29 -> 0 | E21: =Tabelle!I45 -> 0 | F21: =Tabelle!I13 -> 7.18 | H21: =Tabelle!F130 -> 0.3268 | I21: =F21*H21 -> 2.346424 | J21: =Tabelle!B130 -> 17650 | K21: =Tabelle!G104 -> 5768.63
A22: 2025 | B22: 9 | C22: F08 | D22: =Tabelle!I30 -> 0 | E22: =Tabelle!I46 -> 0 | F22: =Tabelle!I14 -> 0 | H22: =Tabelle!F131 -> 0.2732 | I22: =F22*H22 -> 0 | J22: =Tabelle!B131 -> 47214 | K22: =Tabelle!G105 -> 12897.86
A23: 2025 | B23: 10 | C23: F08 | D23: =Tabelle!I31 -> 0 | E23: =Tabelle!I47 -> 0 | F23: =Tabelle!I15 -> 0 | H23: =Tabelle!F132 -> 0.2134 | I23: =F23*H23 -> 0 | J23: =Tabelle!B132 -> 47533 | K23: =Tabelle!G106 -> 13101.09
A24: 2025 | B24: 11 | C24: F08 | H24: =Tabelle!F133 -> 0.2261 | J24: =Tabelle!B133 -> 50662 | K24: =Tabelle!G111 -> 0
A25: 2025 | B25: 12 | C25: F08 | H25: =Tabelle!F134 -> 0 | J25: =Tabelle!B134 -> 0 | K25: =Tabelle!G112 -> 0

Sheet F09
A1: anno | B1: mese | C1: macchina o impianto | D1: ore produzione macchina | E1: pezzi prodotti | F1: consumo | G1: lettura | H1: costo energia | I1: costo macchina | J1: consumo da bolletta | K1: totale bolletta
A2: 2024 | B2: 1 | C2: F09 | D2: 129.43 | E2: 45447 | H2: =Tabelle!F111 -> 0.2557 | J2: =Tabelle!B111 -> 64934 | K2: =Tabelle!G85 -> 16601.39
A3: 2024 | B3: 2 | C3: F09 | D3: 108.66 | E3: 27652 | H3: =Tabelle!F112 -> 0.2378 | J3: =Tabelle!B112 -> 71197 | K3: =Tabelle!G86 -> 16934
A4: 2024 | B4: 3 | C4: F09 | D4: 111.16 | E4: 36608 | H4: =Tabelle!F113 -> 0.2428 | J4: =Tabelle!B113 -> 51152 | K4: =Tabelle!G87 -> 12419.74
A5: 2024 | B5: 4 | C5: F09 | D5: 43.4 | E5: 15452 | H5: =Tabelle!F114 -> 0.2416 | J5: =Tabelle!B114 -> 45316 | K5: =Tabelle!G88 -> 10948.47
A6: 2024 | B6: 5 | C6: F09 | D6: 65.24 | E6: 17425 | H6: =Tabelle!F115 -> 0.2507 | J6: =Tabelle!B115 -> 51330 | K6: =Tabelle!G89 -> 12868.58
A7: 2024 | B7: 6 | C7: F09 | D7: 0 | E7: 0 | H7: =Tabelle!F116 -> 0.2722 | J7: =Tabelle!B116 -> 42151 | K7: =Tabelle!G90 -> 11473.9
A8: 2024 | B8: 7 | C8: F09 | D8: 53.62 | E8: 5264 | H8: =Tabelle!F117 -> 0.287 | J8: =Tabelle!B117 -> 67581 | K8: =Tabelle!G91 -> 19396.73
A9: 2024 | B9: 8 | C9: F09 | D9: 14.37 | E9: 2128 | H9: =Tabelle!F118 -> 0.3047 | J9: =Tabelle!B118 -> 44796 | K9: =Tabelle!G92 -> 13651.04
A10: 2024 | B10: 9 | C10: F09 | D10: 24.86 | E10: 15040 | H10: =Tabelle!F119 -> 0.2904 | J10: =Tabelle!B119 -> 52599 | K10: =Tabelle!G93 -> 15277.15
A11: 2024 | B11: 10 | C11: F09 | D11: 22.06 | E11: 9360 | H11: =Tabelle!F120 -> 0.2856 | J11: =Tabelle!B120 -> 54362 | K11: =Tabelle!G94 -> 15523.99
A12: 2024 | B12: 11 | C12: F09 | D12: =Tabelle!J20 -> 50.7 | E12: =Tabelle!J36 -> 23463 | F12: =Tabelle!J4 -> 449.71 | H12: =Tabelle!F121 -> 0.307 | I12: =F12*H12 -> 138.06097 | J12: =Tabelle!B121 -> 64157 | K12: =Tabelle!G95 -> 19751.41
A13: 2024 | B13: 12 | C13: F09 | D13: =Tabelle!J21 -> 12.4 | E13: =Tabelle!J37 -> 3993 | F13: =Tabelle!J5 -> 164.26 | H13: =Tabelle!F122 -> 0.331 | I13: =F13*H13 -> 54.37006 | J13: =Tabelle!B122 -> 51593 | K13: =Tabelle!G96 -> 17063.94
A14: 2025 | B14: 1 | C14: F09 | D14: =Tabelle!J22 -> 2.3 | E14: =Tabelle!J38 -> 9 | F14: =Tabelle!J6 -> 135.3 | H14: =Tabelle!F123 -> 0.335 | I14: =F14*H14 -> 45.3255 | J14: =Tabelle!B123 -> 61904 | K14: =Tabelle!G97 -> 20875.39
A15: 2025 | B15: 2 | C15: F09 | D15: =Tabelle!J23 -> 64.1 | E15: =Tabelle!J39 -> 36009 | F15: =Tabelle!J7 -> 341.64 | H15: =Tabelle!F124 -> 0.334 | I15: =F15*H15 -> 114.10776 | J15: =Tabelle!B124 -> 60366 | K15: =Tabelle!G98 -> 20173.7
A16: 2025 | B16: 3 | C16: F09 | D16: =Tabelle!J24 -> 99.4 | E16: =Tabelle!J40 -> 22178 | F16: =Tabelle!J8 -> 401.27 | H16: =Tabelle!F125 -> 0.286 | I16: =F16*H16 -> 114.76322 | J16: =Tabelle!B125 -> 58209 | K16: =Tabelle!G99 -> 16648.58
A17: 2025 | B17: 4 | C17: F09 | D17: =Tabelle!J25 -> 66 | E17: =Tabelle!J41 -> 16806 | F17: =Tabelle!J9 -> 375.39 | H17: =Tabelle!F126 -> 0.2655 | I17: =F17*H17 -> 99.666045 | J17: =Tabelle!B126 -> 41269 | K17: =Tabelle!G100 -> 10956.7
A18: 2025 | B18: 5 | C18: F09 | D18: =Tabelle!J26 -> 0 | E18: =Tabelle!J42 -> 0 | F18: =Tabelle!J10 -> 23.6 | H18: =Tabelle!F127 -> 0.2575 | I18: =F18*H18 -> 6.077 | J18: =Tabelle!B127 -> 30809 | K18: =Tabelle!G101 -> 7932.95
A19: 2025 | B19: 6 | C19: F09 | D19: =Tabelle!J27 -> 19.5 | E19: =Tabelle!J43 -> 13125 | F19: =Tabelle!J11 -> 159.25 | H19: =Tabelle!F128 -> 0.355 | I19: =F19*H19 -> 56.53375 | J19: =Tabelle!B128 -> 33644 | K19: =Tabelle!G102 -> 11949.42
A20: 2025 | B20: 7 | C20: F09 | D20: =Tabelle!J28 -> 57.8 | E20: =Tabelle!J44 -> 18000 | F20: =Tabelle!J12 -> 262.42 | H20: =Tabelle!F129 -> 0.296 | I20: =F20*H20 -> 77.67632 | J20: =Tabelle!B129 -> 51483 | K20: =Tabelle!G103 -> 15262.33
A21: 2025 | B21: 8 | C21: F09 | D21: =Tabelle!J29 -> 8.56 | E21: =Tabelle!J45 -> 5000 | F21: =Tabelle!J13 -> 76.19 | H21: =Tabelle!F130 -> 0.3268 | I21: =F21*H21 -> 24.898892 | J21: =Tabelle!B130 -> 17650 | K21: =Tabelle!G104 -> 5768.63
A22: 2025 | B22: 9 | C22: F09 | D22: =Tabelle!J30 -> 25.67 | E22: =Tabelle!J46 -> 18360 | F22: =Tabelle!J14 -> 293.54 | H22: =Tabelle!F131 -> 0.2732 | I22: =F22*H22 -> 80.195128 | J22: =Tabelle!B131 -> 47214 | K22: =Tabelle!G105 -> 12897.86
A23: 2025 | B23: 10 | C23: F09 | D23: =Tabelle!J31 -> 0 | E23: =Tabelle!J47 -> 0 | F23: =Tabelle!J15 -> 39.77 | H23: =Tabelle!F132 -> 0.2134 | I23: =F23*H23 -> 8.486918 | J23: =Tabelle!B132 -> 47533 | K23: =Tabelle!G106 -> 13101.09
A24: 2025 | B24: 11 | C24: F09 | H24: =Tabelle!F133 -> 0.2261 | J24: =Tabelle!B133 -> 50662 | K24: =Tabelle!G111 -> 0
A25: 2025 | B25: 12 | C25: F09 | H25: =Tabelle!F134 -> 0 | J25: =Tabelle!B134 -> 0 | K25: =Tabelle!G112 -> 0

Sheet F10
A1: anno | B1: mese | C1: macchina o impianto | D1: ore produzione macchina | E1: pezzi prodotti | F1: consumo | G1: lettura | H1: costo energia | I1: costo macchina | J1: consumo da bolletta | K1: totale bolletta
A2: 2024 | B2: 1 | C2: F10 | D2: 101.86 | E2: 38280 | H2: =Tabelle!F111 -> 0.2557 | J2: =Tabelle!B111 -> 64934 | K2: =Tabelle!G85 -> 16601.39
A3: 2024 | B3: 2 | C3: F10 | D3: 209.38 | E3: 52900 | H3: =Tabelle!F112 -> 0.2378 | J3: =Tabelle!B112 -> 71197 | K3: =Tabelle!G86 -> 16934
A4: 2024 | B4: 3 | C4: F10 | D4: 38.6 | E4: 47680 | H4: =Tabelle!F113 -> 0.2428 | J4: =Tabelle!B113 -> 51152 | K4: =Tabelle!G87 -> 12419.74
A5: 2024 | B5: 4 | C5: F10 | D5: 253.99 | E5: 21709 | H5: =Tabelle!F114 -> 0.2416 | J5: =Tabelle!B114 -> 45316 | K5: =Tabelle!G88 -> 10948.47
A6: 2024 | B6: 5 | C6: F10 | D6: 160.65 | E6: 29355 | H6: =Tabelle!F115 -> 0.2507 | J6: =Tabelle!B115 -> 51330 | K6: =Tabelle!G89 -> 12868.58
A7: 2024 | B7: 6 | C7: F10 | D7: 36.54 | E7: 20502 | H7: =Tabelle!F116 -> 0.2722 | J7: =Tabelle!B116 -> 42151 | K7: =Tabelle!G90 -> 11473.9
A8: 2024 | B8: 7 | C8: F10 | D8: 0 | E8: 0 | H8: =Tabelle!F117 -> 0.287 | J8: =Tabelle!B117 -> 67581 | K8: =Tabelle!G91 -> 19396.73
A9: 2024 | B9: 8 | C9: F10 | D9: 23.03 | E9: 10980 | H9: =Tabelle!F118 -> 0.3047 | J9: =Tabelle!B118 -> 44796 | K9: =Tabelle!G92 -> 13651.04
A10: 2024 | B10: 9 | C10: F10 | D10: 51.57 | E10: 26298 | H10: =Tabelle!F119 -> 0.2904 | J10: =Tabelle!B119 -> 52599 | K10: =Tabelle!G93 -> 15277.15
A11: 2024 | B11: 10 | C11: F10 | D11: 21.41 | E11: 4628 | H11: =Tabelle!F120 -> 0.2856 | J11: =Tabelle!B120 -> 54362 | K11: =Tabelle!G94 -> 15523.99
A12: 2024 | B12: 11 | C12: F10 | D12: =Tabelle!K20 -> 55.1 | E12: =Tabelle!K36 -> 31023 | F12: =Tabelle!K4 -> 889.11 | H12: =Tabelle!F121 -> 0.307 | I12: =F12*H12 -> 272.95677 | J12: =Tabelle!B121 -> 64157 | K12: =Tabelle!G95 -> 19751.41
A13: 2024 | B13: 12 | C13: F10 | D13: =Tabelle!K21 -> 2.1 | E13: =Tabelle!K37 -> 2616 | F13: =Tabelle!K5 -> 289.65 | H13: =Tabelle!F122 -> 0.331 | I13: =F13*H13 -> 95.87415 | J13: =Tabelle!B122 -> 51593 | K13: =Tabelle!G96 -> 17063.94
A14: 2025 | B14: 1 | C14: F10 | D14: =Tabelle!K22 -> 31.5 | E14: =Tabelle!K38 -> 8619 | F14: =Tabelle!K6 -> 580.88 | H14: =Tabelle!F123 -> 0.335 | I14: =F14*H14 -> 194.5948 | J14: =Tabelle!B123 -> 61904 | K14: =Tabelle!G97 -> 20875.39
A15: 2025 | B15: 2 | C15: F10 | D15: =Tabelle!K23 -> 92.6 | E15: =Tabelle!K39 -> 29278 | F15: =Tabelle!K7 -> 920.21 | H15: =Tabelle!F124 -> 0.334 | I15: =F15*H15 -> 307.35014 | J15: =Tabelle!B124 -> 60366 | K15: =Tabelle!G98 -> 20173.7
A16: 2025 | B16: 3 | C16: F10 | D16: =Tabelle!K24 -> 79.9 | E16: =Tabelle!K40 -> 33501 | F16: =Tabelle!K8 -> 1017.88 | H16: =Tabelle!F125 -> 0.286 | I16: =F16*H16 -> 291.11368 | J16: =Tabelle!B125 -> 58209 | K16: =Tabelle!G99 -> 16648.58
A17: 2025 | B17: 4 | C17: F10 | D17: =Tabelle!K25 -> 164.8 | E17: =Tabelle!K41 -> 70944 | F17: =Tabelle!K9 -> 1182.44 | H17: =Tabelle!F126 -> 0.2655 | I17: =F17*H17 -> 313.93782 | J17: =Tabelle!B126 -> 41269 | K17: =Tabelle!G100 -> 10956.7
A18: 2025 | B18: 5 | C18: F10 | D18: =Tabelle!K26 -> 52.2 | E18: =Tabelle!K42 -> 29403 | F18: =Tabelle!K10 -> 610.53 | H18: =Tabelle!F127 -> 0.2575 | I18: =F18*H18 -> 157.21148 | J18: =Tabelle!B127 -> 30809 | K18: =Tabelle!G101 -> 7932.95
A19: 2025 | B19: 6 | C19: F10 | D19: =Tabelle!K27 -> 6.5 | E19: =Tabelle!K43 -> 4800 | F19: =Tabelle!K11 -> 132.48 | H19: =Tabelle!F128 -> 0.355 | I19: =F19*H19 -> 47.0304 | J19: =Tabelle!B128 -> 33644 | K19: =Tabelle!G102 -> 11949.42
A20: 2025 | B20: 7 | C20: F10 | D20: =Tabelle!K28 -> 150.1 | E20: =Tabelle!K44 -> 33092 | F20: =Tabelle!K12 -> 905.03 | H20: =Tabelle!F129 -> 0.296 | I20: =F20*H20 -> 267.88888 | J20: =Tabelle!B129 -> 51483 | K20: =Tabelle!G103 -> 15262.33
A21: 2025 | B21: 8 | C21: F10 | D21: =Tabelle!K29 -> 0 | E21: =Tabelle!K45 -> 0 | F21: =Tabelle!K13 -> 8.82 | H21: =Tabelle!F130 -> 0.3268 | J21: =Tabelle!B130 -> 17650 | K21: =Tabelle!G104 -> 5768.63
A22: 2025 | B22: 9 | C22: F10 | D22: =Tabelle!K30 -> 110.88 | E22: =Tabelle!K46 -> 11782 | F22: =Tabelle!K14 -> 553.54 | H22: =Tabelle!F131 -> 0.2732 | J22: =Tabelle!B131 -> 47214 | K22: =Tabelle!G105 -> 12897.86
A23: 2025 | B23: 10 | C23: F10 | D23: =Tabelle!K31 -> 0 | E23: =Tabelle!K47 -> 0 | F23: =Tabelle!K15 -> 722.6 | H23: =Tabelle!F132 -> 0.2134 | J23: =Tabelle!B132 -> 47533 | K23: =Tabelle!G106 -> 13101.09
A24: 2025 | B24: 11 | C24: F10 | H24: =Tabelle!F133 -> 0.2261 | J24: =Tabelle!B133 -> 50662 | K24: =Tabelle!G111 -> 0
A25: 2025 | B25: 12 | C25: F10 | H25: =Tabelle!F134 -> 0 | J25: =Tabelle!B134 -> 0 | K25: =Tabelle!G112 -> 0

Sheet F11
A1: anno | B1: mese | C1: macchina o impianto | D1: ore produzione macchina | E1: pezzi prodotti | F1: consumo | G1: lettura | H1: costo energia | I1: costo macchina | J1: consumo da bolletta | K1: totale bolletta
A2: 2024 | B2: 1 | C2: F11 | D2: 324.79 | E2: 140670 | H2: =Tabelle!F111 -> 0.2557 | J2: =Tabelle!B111 -> 64934 | K2: =Tabelle!G85 -> 16601.39
A3: 2024 | B3: 2 | C3: F11 | D3: 80.13 | E3: 39140 | H3: =Tabelle!F112 -> 0.2378 | J3: =Tabelle!B112 -> 71197 | K3: =Tabelle!G86 -> 16934
A4: 2024 | B4: 3 | C4: F11 | D4: 16.14 | E4: 8600 | H4: =Tabelle!F113 -> 0.2428 | J4: =Tabelle!B113 -> 51152 | K4: =Tabelle!G87 -> 12419.74
A5: 2024 | B5: 4 | C5: F11 | D5: 18.04 | E5: 10000 | H5: =Tabelle!F114 -> 0.2416 | J5: =Tabelle!B114 -> 45316 | K5: =Tabelle!G88 -> 10948.47
A6: 2024 | B6: 5 | C6: F11 | D6: 113.6 | E6: 68201 | H6: =Tabelle!F115 -> 0.2507 | J6: =Tabelle!B115 -> 51330 | K6: =Tabelle!G89 -> 12868.58
A7: 2024 | B7: 6 | C7: F11 | D7: 89.83 | E7: 45462 | H7: =Tabelle!F116 -> 0.2722 | J7: =Tabelle!B116 -> 42151 | K7: =Tabelle!G90 -> 11473.9
A8: 2024 | B8: 7 | C8: F11 | D8: 320.98 | E8: 135608 | H8: =Tabelle!F117 -> 0.287 | J8: =Tabelle!B117 -> 67581 | K8: =Tabelle!G91 -> 19396.73
A9: 2024 | B9: 8 | C9: F11 | D9: 138.87 | E9: 49569 | H9: =Tabelle!F118 -> 0.3047 | J9: =Tabelle!B118 -> 44796 | K9: =Tabelle!G92 -> 13651.04
A10: 2024 | B10: 9 | C10: F11 | D10: 161.96 | E10: 58891 | H10: =Tabelle!F119 -> 0.2904 | J10: =Tabelle!B119 -> 52599 | K10: =Tabelle!G93 -> 15277.15
A11: 2024 | B11: 10 | C11: F11 | D11: 324.95 | E11: 97270 | H11: =Tabelle!F120 -> 0.2856 | J11: =Tabelle!B120 -> 54362 | K11: =Tabelle!G94 -> 15523.99
A12: 2024 | B12: 11 | C12: F11 | D12: =Tabelle!L20 -> 300.7 | E12: =Tabelle!L36 -> 119234 | F12: =Tabelle!L4 -> 686.86 | H12: =Tabelle!F121 -> 0.307 | I12: =F12*H12 -> 210.86602 | J12: =Tabelle!B121 -> 64157 | K12: =Tabelle!G95 -> 19751.41
A13: 2024 | B13: 12 | C13: F11 | D13: =Tabelle!L21 -> 120.3 | E13: =Tabelle!L37 -> 36466 | F13: =Tabelle!L5 -> 380.23 | H13: =Tabelle!F122 -> 0.331 | I13: =F13*H13 -> 125.85613 | J13: =Tabelle!B122 -> 51593 | K13: =Tabelle!G96 -> 17063.94
A14: 2025 | B14: 1 | C14: F11 | D14: =Tabelle!L22 -> 209.8 | E14: =Tabelle!L38 -> 62417 | F14: =Tabelle!L6 -> 485.73 | H14: =Tabelle!F123 -> 0.335 | I14: =F14*H14 -> 162.71955 | J14: =Tabelle!B123 -> 61904 | K14: =Tabelle!G97 -> 20875.39
A15: 2025 | B15: 2 | C15: F11 | D15: =Tabelle!L23 -> 277 | E15: =Tabelle!L39 -> 96598 | F15: =Tabelle!L7 -> 627.37 | H15: =Tabelle!F124 -> 0.334 | I15: =F15*H15 -> 209.54158 | J15: =Tabelle!B124 -> 60366 | K15: =Tabelle!G98 -> 20173.7
A16: 2025 | B16: 3 | C16: F11 | D16: =Tabelle!L24 -> 259.4 | E16: =Tabelle!L40 -> 83238 | F16: =Tabelle!L8 -> 650.34 | H16: =Tabelle!F125 -> 0.286 | I16: =F16*H16 -> 185.99724 | J16: =Tabelle!B125 -> 58209 | K16: =Tabelle!G99 -> 16648.58
A17: 2025 | B17: 4 | C17: F11 | D17: =Tabelle!L25 -> 243.6 | E17: =Tabelle!L41 -> 86947 | F17: =Tabelle!L9 -> 598.43 | H17: =Tabelle!F126 -> 0.2655 | I17: =F17*H17 -> 158.88316 | J17: =Tabelle!B126 -> 41269 | K17: =Tabelle!G100 -> 10956.7
A18: 2025 | B18: 5 | C18: F11 | D18: =Tabelle!L26 -> 244.8 | E18: =Tabelle!L42 -> 72060 | F18: =Tabelle!L10 -> 484.79 | H18: =Tabelle!F127 -> 0.2575 | I18: =F18*H18 -> 124.83343 | J18: =Tabelle!B127 -> 30809 | K18: =Tabelle!G101 -> 7932.95
A19: 2025 | B19: 6 | C19: F11 | D19: =Tabelle!L27 -> 239.3 | E19: =Tabelle!L43 -> 83892 | F19: =Tabelle!L11 -> 550.08 | H19: =Tabelle!F128 -> 0.355 | I19: =F19*H19 -> 195.2784 | J19: =Tabelle!B128 -> 33644 | K19: =Tabelle!G102 -> 11949.42
A20: 2025 | B20: 7 | C20: F11 | D20: =Tabelle!L28 -> 335.9 | E20: =Tabelle!L44 -> 114871 | F20: =Tabelle!L12 -> 770.29 | H20: =Tabelle!F129 -> 0.296 | I20: =F20*H20 -> 228.00584 | J20: =Tabelle!B129 -> 51483 | K20: =Tabelle!G103 -> 15262.33
A21: 2025 | B21: 8 | C21: F11 | D21: =Tabelle!L29 -> 43.05 | E21: =Tabelle!L45 -> 15723 | F21: =Tabelle!L13 -> 110.57 | H21: =Tabelle!F130 -> 0.3268 | J21: =Tabelle!B130 -> 17650 | K21: =Tabelle!G104 -> 5768.63
A22: 2025 | B22: 9 | C22: F11 | D22: =Tabelle!L30 -> 0 | E22: =Tabelle!L46 -> 0 | F22: =Tabelle!L14 -> 0 | H22: =Tabelle!F131 -> 0.2732 | J22: =Tabelle!B131 -> 47214 | K22: =Tabelle!G105 -> 12897.86
A23: 2025 | B23: 10 | C23: F11 | D23: =Tabelle!L31 -> 0 | E23: =Tabelle!L47 -> 0 | F23: =Tabelle!L15 -> 0 | H23: =Tabelle!F132 -> 0.2134 | J23: =Tabelle!B132 -> 47533 | K23: =Tabelle!G106 -> 13101.09
A24: 2025 | B24: 11 | C24: F11 | H24: =Tabelle!F133 -> 0.2261 | J24: =Tabelle!B133 -> 50662 | K24: =Tabelle!G111 -> 0
A25: 2025 | B25: 12 | C25: F11 | H25: =Tabelle!F134 -> 0 | J25: =Tabelle!B134 -> 0 | K25: =Tabelle!G112 -> 0

Sheet ISOLA1
A1: anno | B1: mese | C1: macchina o impianto | D1: ore produzione macchina | E1: pezzi prodotti | F1: consumo | G1: lettura | H1: costo energia | I1: costo macchina | J1: consumo da bolletta | K1: totale bolletta
A2: 2024 | B2: 1 | C2: ISOLA1 | D2: 19.89 | E2: 15714 | H2: =Tabelle!F111 -> 0.2557 | J2: =Tabelle!B111 -> 64934 | K2: =Tabelle!G85 -> 16601.39
A3: 2024 | B3: 2 | C3: ISOLA1 | D3: 14.88 | E3: 12219 | H3: =Tabelle!F112 -> 0.2378 | J3: =Tabelle!B112 -> 71197 | K3: =Tabelle!G86 -> 16934
A4: 2024 | B4: 3 | C4: ISOLA1 | D4: 26.77 | E4: 26114 | H4: =Tabelle!F113 -> 0.2428 | J4: =Tabelle!B113 -> 51152 | K4: =Tabelle!G87 -> 12419.74
A5: 2024 | B5: 4 | C5: ISOLA1 | D5: 4.82 | E5: 3228 | H5: =Tabelle!F114 -> 0.2416 | J5: =Tabelle!B114 -> 45316 | K5: =Tabelle!G88 -> 10948.47
A6: 2024 | B6: 5 | C6: ISOLA1 | D6: 0 | E6: 0 | H6: =Tabelle!F115 -> 0.2507 | J6: =Tabelle!B115 -> 51330 | K6: =Tabelle!G89 -> 12868.58
A7: 2024 | B7: 6 | C7: ISOLA1 | D7: 8.49 | E7: 4882 | H7: =Tabelle!F116 -> 0.2722 | J7: =Tabelle!B116 -> 42151 | K7: =Tabelle!G90 -> 11473.9
A8: 2024 | B8: 7 | C8: ISOLA1 | D8: 60.69 | E8: 39984 | H8: =Tabelle!F117 -> 0.287 | J8: =Tabelle!B117 -> 67581 | K8: =Tabelle!G91 -> 19396.73
A9: 2024 | B9: 8 | C9: ISOLA1 | D9: 43.39 | E9: 40507 | H9: =Tabelle!F118 -> 0.3047 | J9: =Tabelle!B118 -> 44796 | K9: =Tabelle!G92 -> 13651.04
A10: 2024 | B10: 9 | C10: ISOLA1 | D10: 8.4 | E10: 8670 | H10: =Tabelle!F119 -> 0.2904 | J10: =Tabelle!B119 -> 52599 | K10: =Tabelle!G93 -> 15277.15
A11: 2024 | B11: 10 | C11: ISOLA1 | D11: 37.13 | E11: 38444 | H11: =Tabelle!F120 -> 0.2856 | J11: =Tabelle!B120 -> 54362 | K11: =Tabelle!G94 -> 15523.99
A12: 2024 | B12: 11 | C12: ISOLA1 | D12: =Tabelle!M20 -> 100.3 | E12: =Tabelle!M36 -> 80847 | F12: =Tabelle!M4 -> 199.43 | H12: =Tabelle!F121 -> 0.307 | I12: =F12*H12 -> 61.22501 | J12: =Tabelle!B121 -> 64157 | K12: =Tabelle!G95 -> 19751.41
A13: 2024 | B13: 12 | C13: ISOLA1 | D13: =Tabelle!M21 -> 29.1 | E13: =Tabelle!M37 -> 26098 | F13: =Tabelle!M5 -> 64.6 | H13: =Tabelle!F122 -> 0.331 | I13: =F13*H13 -> 21.3826 | J13: =Tabelle!B122 -> 51593 | K13: =Tabelle!G96 -> 17063.94
A14: 2025 | B14: 1 | C14: ISOLA1 | D14: =Tabelle!M22 -> 33.6 | E14: =Tabelle!M38 -> 36485 | F14: =Tabelle!M6 -> 85.99 | H14: =Tabelle!F123 -> 0.335 | I14: =F14*H14 -> 28.80665 | J14: =Tabelle!B123 -> 61904 | K14: =Tabelle!G97 -> 20875.39
A15: 2025 | B15: 2 | C15: ISOLA1 | D15: =Tabelle!M23 -> 20.4 | E15: =Tabelle!M39 -> 15760 | F15: =Tabelle!M7 -> 42.1 | H15: =Tabelle!F124 -> 0.334 | I15: =F15*H15 -> 14.0614 | J15: =Tabelle!B124 -> 60366 | K15: =Tabelle!G98 -> 20173.7
A16: 2025 | B16: 3 | C16: ISOLA1 | D16: =Tabelle!M24 -> 110.7 | E16: =Tabelle!M40 -> 86910 | F16: =Tabelle!M8 -> 112.05 | H16: =Tabelle!F125 -> 0.286 | I16: =F16*H16 -> 32.0463 | J16: =Tabelle!B125 -> 58209 | K16: =Tabelle!G99 -> 16648.58
A17: 2025 | B17: 4 | C17: ISOLA1 | D17: =Tabelle!M25 -> 105.6 | E17: =Tabelle!M41 -> 129675 | F17: =Tabelle!M9 -> 123.66 | H17: =Tabelle!F126 -> 0.2655 | I17: =F17*H17 -> 32.83173 | J17: =Tabelle!B126 -> 41269 | K17: =Tabelle!G100 -> 10956.7
A18: 2025 | B18: 5 | C18: ISOLA1 | D18: =Tabelle!M26 -> 31 | E18: =Tabelle!M42 -> 45169 | F18: =Tabelle!M10 -> 47.18 | H18: =Tabelle!F127 -> 0.2575 | I18: =F18*H18 -> 12.14885 | J18: =Tabelle!B127 -> 30809 | K18: =Tabelle!G101 -> 7932.95
A19: 2025 | B19: 6 | C19: ISOLA1 | D19: =Tabelle!M27 -> 28.2 | E19: =Tabelle!M43 -> 29781 | F19: =Tabelle!M11 -> 62.42 | H19: =Tabelle!F128 -> 0.355 | I19: =F19*H19 -> 22.1591 | J19: =Tabelle!B128 -> 33644 | K19: =Tabelle!G102 -> 11949.42
A20: 2025 | B20: 7 | C20: ISOLA1 | D20: =Tabelle!M28 -> 145.4 | E20: =Tabelle!M44 -> 136744 | F20: =Tabelle!M12 -> 249.28 | H20: =Tabelle!F129 -> 0.296 | I20: =F20*H20 -> 73.78688 | J20: =Tabelle!B129 -> 51483 | K20: =Tabelle!G103 -> 15262.33
A21: 2025 | B21: 8 | C21: ISOLA1 | D21: =Tabelle!M29 -> 0 | E21: =Tabelle!M45 -> 0 | F21: =Tabelle!M13 -> 4.5 | H21: =Tabelle!F130 -> 0.3268 | J21: =Tabelle!B130 -> 17650 | K21: =Tabelle!G104 -> 5768.63
A22: 2025 | B22: 9 | C22: ISOLA1 | D22: =Tabelle!M30 -> 0 | E22: =Tabelle!M46 -> 0 | F22: =Tabelle!M14 -> 3.53 | H22: =Tabelle!F131 -> 0.2732 | J22: =Tabelle!B131 -> 47214 | K22: =Tabelle!G105 -> 12897.86
A23: 2025 | B23: 10 | C23: ISOLA1 | D23: =Tabelle!M31 -> 0 | E23: =Tabelle!M47 -> 0 | F23: =Tabelle!M15 -> 0 | H23: =Tabelle!F132 -> 0.2134 | J23: =Tabelle!B132 -> 47533 | K23: =Tabelle!G106 -> 13101.09
A24: 2025 | B24: 11 | C24: ISOLA1 | H24: =Tabelle!F133 -> 0.2261 | J24: =Tabelle!B133 -> 50662 | K24: =Tabelle!G111 -> 0
A25: 2025 | B25: 12 | C25: ISOLA1 | H25: =Tabelle!F134 -> 0 | J25: =Tabelle!B134 -> 0 | K25: =Tabelle!G112 -> 0

Sheet ISOLA5
A1: anno | B1: mese | C1: macchina o impianto | D1: ore produzione macchina | E1: pezzi prodotti | F1: consumo | G1: lettura | H1: costo energia | I1: costo macchina | J1: consumo da bolletta | K1: totale bolletta
A2: 2024 | B2: 1 | C2: ISOLA5 | D2: 0 | E2: 0 | H2: =Tabelle!F111 -> 0.2557 | J2: =Tabelle!B111 -> 64934 | K2: =Tabelle!G85 -> 16601.39
A3: 2024 | B3: 2 | C3: ISOLA5 | D3: 0 | E3: 0 | H3: =Tabelle!F112 -> 0.2378 | J3: =Tabelle!B112 -> 71197 | K3: =Tabelle!G86 -> 16934
A4: 2024 | B4: 3 | C4: ISOLA5 | D4: 0 | E4: 0 | H4: =Tabelle!F113 -> 0.2428 | J4: =Tabelle!B113 -> 51152 | K4: =Tabelle!G87 -> 12419.74
A5: 2024 | B5: 4 | C5: ISOLA5 | D5: 0 | E5: 0 | H5: =Tabelle!F114 -> 0.2416 | J5: =Tabelle!B114 -> 45316 | K5: =Tabelle!G88 -> 10948.47
A6: 2024 | B6: 5 | C6: ISOLA5 | D6: 0 | E6: 700 | H6: =Tabelle!F115 -> 0.2507 | J6: =Tabelle!B115 -> 51330 | K6: =Tabelle!G89 -> 12868.58
A7: 2024 | B7: 6 | C7: ISOLA5 | D7: 0 | E7: 0 | H7: =Tabelle!F116 -> 0.2722 | J7: =Tabelle!B116 -> 42151 | K7: =Tabelle!G90 -> 11473.9
A8: 2024 | B8: 7 | C8: ISOLA5 | D8: 0 | E8: 0 | H8: =Tabelle!F117 -> 0.287 | J8: =Tabelle!B117 -> 67581 | K8: =Tabelle!G91 -> 19396.73
A9: 2024 | B9: 8 | C9: ISOLA5 | D9: 0 | E9: 0 | H9: =Tabelle!F118 -> 0.3047 | J9: =Tabelle!B118 -> 44796 | K9: =Tabelle!G92 -> 13651.04
A10: 2024 | B10: 9 | C10: ISOLA5 | D10: 0 | E10: 500 | H10: =Tabelle!F119 -> 0.2904 | J10: =Tabelle!B119 -> 52599 | K10: =Tabelle!G93 -> 15277.15
A11: 2024 | B11: 10 | C11: ISOLA5 | D11: 0 | E11: 0 | H11: =Tabelle!F120 -> 0.2856 | J11: =Tabelle!B120 -> 54362 | K11: =Tabelle!G94 -> 15523.99
A12: 2024 | B12: 11 | C12: ISOLA5 | D12: 0 | E12: 264 | H12: =Tabelle!F121 -> 0.307 | I12: =F12*H12 -> 0 | J12: =Tabelle!B121 -> 64157 | K12: =Tabelle!G95 -> 19751.41
A13: 2024 | B13: 12 | C13: ISOLA5 | D13: 0 | E13: 0 | H13: =Tabelle!F122 -> 0.331 | I13: =F13*H13 -> 0 | J13: =Tabelle!B122 -> 51593 | K13: =Tabelle!G96 -> 17063.94
A14: 2025 | B14: 1 | C14: ISOLA5 | D14: 0 | E14: 0 | H14: =Tabelle!F123 -> 0.335 | I14: =F14*H14 -> 0 | J14: =Tabelle!B123 -> 61904 | K14: =Tabelle!G97 -> 20875.39
A15: 2025 | B15: 2 | C15: ISOLA5 | D15: 0 | E15: 0 | H15: =Tabelle!F124 -> 0.334 | I15: =F15*H15 -> 0 | J15: =Tabelle!B124 -> 60366 | K15: =Tabelle!G98 -> 20173.7
A16: 2025 | B16: 3 | C16: ISOLA5 | D16: 0 | E16: 0 | H16: =Tabelle!F125 -> 0.286 | I16: =F16*H16 -> 0 | J16: =Tabelle!B125 -> 58209 | K16: =Tabelle!G99 -> 16648.58
A17: 2025 | B17: 4 | C17: ISOLA5 | D17: 0 | E17: 0 | H17: =Tabelle!F126 -> 0.2655 | I17: =F17*H17 -> 0 | J17: =Tabelle!B126 -> 41269 | K17: =Tabelle!G100 -> 10956.7
A18: 2025 | B18: 5 | C18: ISOLA5 | D18: 0 | E18: 0 | H18: =Tabelle!F127 -> 0.2575 | I18: =F18*H18 -> 0 | J18: =Tabelle!B127 -> 30809 | K18: =Tabelle!G101 -> 7932.95
A19: 2025 | B19: 6 | C19: ISOLA5 | D19: 0 | E19: 0 | H19: =Tabelle!F128 -> 0.355 | I19: =F19*H19 -> 0 | J19: =Tabelle!B128 -> 33644 | K19: =Tabelle!G102 -> 11949.42
A20: 2025 | B20: 7 | C20: ISOLA5 | D20: 0 | E20: 0 | H20: =Tabelle!F129 -> 0.296 | I20: =F20*H20 -> 0 | J20: =Tabelle!B129 -> 51483 | K20: =Tabelle!G103 -> 15262.33
A21: 2025 | B21: 8 | C21: ISOLA5 | D21: 0 | E21: 0 | H21: =Tabelle!F130 -> 0.3268 | J21: =Tabelle!B130 -> 17650 | K21: =Tabelle!G104 -> 5768.63
A22: 2025 | B22: 9 | C22: ISOLA5 | D22: 0 | E22: 0 | H22: =Tabelle!F131 -> 0.2732 | J22: =Tabelle!B131 -> 47214 | K22: =Tabelle!G105 -> 12897.86
A23: 2025 | B23: 10 | C23: ISOLA5 | D23: 0 | E23: 0 | H23: =Tabelle!F132 -> 0.2134 | J23: =Tabelle!B132 -> 47533 | K23: =Tabelle!G106 -> 13101.09
A24: 2025 | B24: 11 | C24: ISOLA5 | H24: =Tabelle!F133 -> 0.2261 | J24: =Tabelle!B133 -> 50662 | K24: =Tabelle!G111 -> 0
A25: 2025 | B25: 12 | C25: ISOLA5 | H25: =Tabelle!F134 -> 0 | J25: =Tabelle!B134 -> 0 | K25: =Tabelle!G112 -> 0

Sheet M1030
A1: anno | B1: mese | C1: macchina o impianto | D1: ore produzione macchina | E1: pezzi prodotti | F1: consumo | G1: lettura | H1: costo energia | I1: costo macchina | J1: consumo da bolletta | K1: totale bolletta
A2: 2024 | B2: 1 | C2: M1030 | D2: 55.1 | E2: 45289 | H2: =Tabelle!F111 -> 0.2557 | J2: =Tabelle!B111 -> 64934 | K2: =Tabelle!G85 -> 16601.39
A3: 2024 | B3: 2 | C3: M1030 | D3: 12.43 | E3: 10870 | H3: =Tabelle!F112 -> 0.2378 | J3: =Tabelle!B112 -> 71197 | K3: =Tabelle!G86 -> 16934
A4: 2024 | B4: 3 | C4: M1030 | D4: 52.89 | E4: 50936 | H4: =Tabelle!F113 -> 0.2428 | J4: =Tabelle!B113 -> 51152 | K4: =Tabelle!G87 -> 12419.74
A5: 2024 | B5: 4 | C5: M1030 | D5: 53.8 | E5: 62133 | H5: =Tabelle!F114 -> 0.2416 | J5: =Tabelle!B114 -> 45316 | K5: =Tabelle!G88 -> 10948.47
A6: 2024 | B6: 5 | C6: M1030 | D6: 71.44 | E6: 78378 | H6: =Tabelle!F115 -> 0.2507 | J6: =Tabelle!B115 -> 51330 | K6: =Tabelle!G89 -> 12868.58
A7: 2024 | B7: 6 | C7: M1030 | D7: 103.25 | E7: 134713 | H7: =Tabelle!F116 -> 0.2722 | J7: =Tabelle!B116 -> 42151 | K7: =Tabelle!G90 -> 11473.9
A8: 2024 | B8: 7 | C8: M1030 | D8: 127.09 | E8: 110641 | H8: =Tabelle!F117 -> 0.287 | J8: =Tabelle!B117 -> 67581 | K8: =Tabelle!G91 -> 19396.73
A9: 2024 | B9: 8 | C9: M1030 | D9: 33.31 | E9: 42210 | H9: =Tabelle!F118 -> 0.3047 | J9: =Tabelle!B118 -> 44796 | K9: =Tabelle!G92 -> 13651.04
A10: 2024 | B10: 9 | C10: M1030 | D10: 71.43 | E10: 74797 | H10: =Tabelle!F119 -> 0.2904 | J10: =Tabelle!B119 -> 52599 | K10: =Tabelle!G93 -> 15277.15
A11: 2024 | B11: 10 | C11: M1030 | D11: 128.34 | E11: 146262 | H11: =Tabelle!F120 -> 0.2856 | J11: =Tabelle!B120 -> 54362 | K11: =Tabelle!G94 -> 15523.99
A12: 2024 | B12: 11 | C12: M1030 | D12: =Tabelle!N20 -> 112.6 | E12: =Tabelle!N36 -> 151631 | F12: =Tabelle!N4 -> 1682.52 | H12: =Tabelle!F121 -> 0.307 | I12: =F12*H12 -> 516.53364 | J12: =Tabelle!B121 -> 64157 | K12: =Tabelle!G95 -> 19751.41
A13: 2024 | B13: 12 | C13: M1030 | D13: =Tabelle!N21 -> 48.2 | E13: =Tabelle!N37 -> 62172 | F13: =Tabelle!N5 -> 889.24 | H13: =Tabelle!F122 -> 0.331 | I13: =F13*H13 -> 294.33844 | J13: =Tabelle!B122 -> 51593 | K13: =Tabelle!G96 -> 17063.94
A14: 2025 | B14: 1 | C14: M1030 | D14: =Tabelle!N22 -> 92.6 | E14: =Tabelle!N38 -> 122346 | F14: =Tabelle!N6 -> 917.49 | H14: =Tabelle!F123 -> 0.335 | I14: =F14*H14 -> 307.35915 | J14: =Tabelle!B123 -> 61904 | K14: =Tabelle!G97 -> 20875.39
A15: 2025 | B15: 2 | C15: M1030 | D15: =Tabelle!N23 -> 67.7 | E15: =Tabelle!N39 -> 80711 | F15: =Tabelle!N7 -> 810.1 | H15: =Tabelle!F124 -> 0.334 | I15: =F15*H15 -> 270.5734 | J15: =Tabelle!B124 -> 60366 | K15: =Tabelle!G98 -> 20173.7
A16: 2025 | B16: 3 | C16: M1030 | D16: =Tabelle!N24 -> 83.2 | E16: =Tabelle!N40 -> 99845 | F16: =Tabelle!N8 -> 1276.28 | H16: =Tabelle!F125 -> 0.286 | I16: =F16*H16 -> 365.01608 | J16: =Tabelle!B125 -> 58209 | K16: =Tabelle!G99 -> 16648.58
A17: 2025 | B17: 4 | C17: M1030 | D17: =Tabelle!N25 -> 135.5 | E17: =Tabelle!N41 -> 72022 | F17: =Tabelle!N9 -> 1183.17 | H17: =Tabelle!F126 -> 0.2655 | I17: =F17*H17 -> 314.13164 | J17: =Tabelle!B126 -> 41269 | K17: =Tabelle!G100 -> 10956.7
A18: 2025 | B18: 5 | C18: M1030 | D18: =Tabelle!N26 -> 38.5 | E18: =Tabelle!N42 -> 41672 | F18: =Tabelle!N10 -> 668.7 | H18: =Tabelle!F127 -> 0.2575 | I18: =F18*H18 -> 172.19025 | J18: =Tabelle!B127 -> 30809 | K18: =Tabelle!G101 -> 7932.95
A19: 2025 | B19: 6 | C19: M1030 | D19: =Tabelle!N27 -> 45.6 | E19: =Tabelle!N43 -> 48181 | F19: =Tabelle!N11 -> 938.47 | H19: =Tabelle!F128 -> 0.355 | I19: =F19*H19 -> 333.15685 | J19: =Tabelle!B128 -> 33644 | K19: =Tabelle!G102 -> 11949.42
A20: 2025 | B20: 7 | C20: M1030 | D20: =Tabelle!N28 -> 50.6 | E20: =Tabelle!N44 -> 53004 | F20: =Tabelle!N12 -> 906.32 | H20: =Tabelle!F129 -> 0.296 | I20: =F20*H20 -> 268.27072 | J20: =Tabelle!B129 -> 51483 | K20: =Tabelle!G103 -> 15262.33
A21: 2025 | B21: 8 | C21: M1030 | D21: =Tabelle!N29 -> 14.56 | E21: =Tabelle!N45 -> 16100 | F21: =Tabelle!N13 -> 224.48 | H21: =Tabelle!F130 -> 0.3268 | J21: =Tabelle!B130 -> 17650 | K21: =Tabelle!G104 -> 5768.63
A22: 2025 | B22: 9 | C22: M1030 | D22: =Tabelle!N30 -> 37.98 | E22: =Tabelle!N46 -> 39691 | F22: =Tabelle!N14 -> 676.06 | H22: =Tabelle!F131 -> 0.2732 | J22: =Tabelle!B131 -> 47214 | K22: =Tabelle!G105 -> 12897.86
A23: 2025 | B23: 10 | C23: M1030 | D23: =Tabelle!N31 -> 3.08 | E23: =Tabelle!N47 -> 5250 | F23: =Tabelle!N15 -> 481.51 | H23: =Tabelle!F132 -> 0.2134 | J23: =Tabelle!B132 -> 47533 | K23: =Tabelle!G106 -> 13101.09
A24: 2025 | B24: 11 | C24: M1030 | H24: =Tabelle!F133 -> 0.2261 | J24: =Tabelle!B133 -> 50662 | K24: =Tabelle!G111 -> 0
A25: 2025 | B25: 12 | C25: M1030 | H25: =Tabelle!F134 -> 0 | J25: =Tabelle!B134 -> 0 | K25: =Tabelle!G112 -> 0

Sheet MANUA
A1: anno | B1: mese | C1: macchina o impianto | D1: ore produzione macchina | E1: pezzi prodotti | F1: consumo | G1: lettura | H1: costo energia | I1: costo macchina | J1: consumo da bolletta | K1: totale bolletta
A2: 2024 | B2: 1 | C2: MANUA | D2: 0 | E2: 744 | H2: =Tabelle!F111 -> 0.2557 | J2: =Tabelle!B111 -> 64934 | K2: =Tabelle!G85 -> 16601.39
A3: 2024 | B3: 2 | C3: MANUA | D3: 0 | E3: 376 | H3: =Tabelle!F112 -> 0.2378 | J3: =Tabelle!B112 -> 71197 | K3: =Tabelle!G86 -> 16934
A4: 2024 | B4: 3 | C4: MANUA | D4: 0 | E4: 0 | H4: =Tabelle!F113 -> 0.2428 | J4: =Tabelle!B113 -> 51152 | K4: =Tabelle!G87 -> 12419.74
A5: 2024 | B5: 4 | C5: MANUA | D5: 0 | E5: 0 | H5: =Tabelle!F114 -> 0.2416 | J5: =Tabelle!B114 -> 45316 | K5: =Tabelle!G88 -> 10948.47
A6: 2024 | B6: 5 | C6: MANUA | D6: 0 | E6: 576 | H6: =Tabelle!F115 -> 0.2507 | J6: =Tabelle!B115 -> 51330 | K6: =Tabelle!G89 -> 12868.58
A7: 2024 | B7: 6 | C7: MANUA | D7: 0 | E7: 250 | H7: =Tabelle!F116 -> 0.2722 | J7: =Tabelle!B116 -> 42151 | K7: =Tabelle!G90 -> 11473.9
A8: 2024 | B8: 7 | C8: MANUA | D8: 0 | E8: 15453 | H8: =Tabelle!F117 -> 0.287 | J8: =Tabelle!B117 -> 67581 | K8: =Tabelle!G91 -> 19396.73
A9: 2024 | B9: 8 | C9: MANUA | D9: 0 | E9: 0 | H9: =Tabelle!F118 -> 0.3047 | J9: =Tabelle!B118 -> 44796 | K9: =Tabelle!G92 -> 13651.04
A10: 2024 | B10: 9 | C10: MANUA | D10: 0 | E10: 1834 | H10: =Tabelle!F119 -> 0.2904 | J10: =Tabelle!B119 -> 52599 | K10: =Tabelle!G93 -> 15277.15
A11: 2024 | B11: 10 | C11: MANUA | D11: 0 | E11: 4112 | H11: =Tabelle!F120 -> 0.2856 | J11: =Tabelle!B120 -> 54362 | K11: =Tabelle!G94 -> 15523.99
A12: 2024 | B12: 11 | C12: MANUA | D12: 0 | E12: 4350 | H12: =Tabelle!F121 -> 0.307 | I12: =F12*H12 -> 0 | J12: =Tabelle!B121 -> 64157 | K12: =Tabelle!G95 -> 19751.41
A13: 2024 | B13: 12 | C13: MANUA | D13: 0 | E13: 31394 | H13: =Tabelle!F122 -> 0.331 | I13: =F13*H13 -> 0 | J13: =Tabelle!B122 -> 51593 | K13: =Tabelle!G96 -> 17063.94
A14: 2025 | B14: 1 | C14: MANUA | H14: =Tabelle!F123 -> 0.335 | I14: =F14*H14 -> 0 | J14: =Tabelle!B123 -> 61904 | K14: =Tabelle!G97 -> 20875.39
A15: 2025 | B15: 2 | C15: MANUA | H15: =Tabelle!F124 -> 0.334 | I15: =F15*H15 -> 0 | J15: =Tabelle!B124 -> 60366 | K15: =Tabelle!G98 -> 20173.7
A16: 2025 | B16: 3 | C16: MANUA | H16: =Tabelle!F125 -> 0.286 | I16: =F16*H16 -> 0 | J16: =Tabelle!B125 -> 58209 | K16: =Tabelle!G99 -> 16648.58
A17: 2025 | B17: 4 | C17: MANUA | H17: =Tabelle!F126 -> 0.2655 | I17: =F17*H17 -> 0 | J17: =Tabelle!B126 -> 41269 | K17: =Tabelle!G100 -> 10956.7
A18: 2025 | B18: 5 | C18: MANUA | H18: =Tabelle!F127 -> 0.2575 | I18: =F18*H18 -> 0 | J18: =Tabelle!B127 -> 30809 | K18: =Tabelle!G101 -> 7932.95
A19: 2025 | B19: 6 | C19: MANUA | H19: =Tabelle!F128 -> 0.355 | I19: =F19*H19 -> 0 | J19: =Tabelle!B128 -> 33644 | K19: =Tabelle!G102 -> 11949.42
A20: 2025 | B20: 7 | C20: MANUA | H20: =Tabelle!F129 -> 0.296 | I20: =F20*H20 -> 0 | J20: =Tabelle!B129 -> 51483 | K20: =Tabelle!G103 -> 15262.33
A21: 2025 | B21: 8 | C21: MANUA | D21: 0 | E21: 11284 | H21: =Tabelle!F130 -> 0.3268 | J21: =Tabelle!B130 -> 17650 | K21: =Tabelle!G104 -> 5768.63
A22: 2025 | B22: 9 | C22: MANUA | D22: 0 | E22: 22523 | H22: =Tabelle!F131 -> 0.2732 | J22: =Tabelle!B131 -> 47214 | K22: =Tabelle!G108 -> 0
A23: 2025 | B23: 10 | C23: MANUA | D23: 0 | E23: 10000 | H23: =Tabelle!F132 -> 0.2134 | J23: =Tabelle!B132 -> 47533 | K23: =Tabelle!G110 -> 0
A24: 2025 | B24: 11 | C24: MANUA | H24: =Tabelle!F133 -> 0.2261 | J24: =Tabelle!B133 -> 50662 | K24: =Tabelle!G111 -> 0
A25: 2025 | B25: 12 | C25: MANUA | H25: =Tabelle!F134 -> 0 | J25: =Tabelle!B134 -> 0 | K25: =Tabelle!G112 -> 0

Sheet MG5
A1: anno | B1: mese | C1: macchina o impianto | D1: ore produzione macchina | E1: pezzi prodotti | F1: consumo | G1: lettura | H1: costo energia | I1: costo macchina | J1: consumo da bolletta | K1: totale bolletta
A2: 2024 | B2: 1 | C2: MG5 | D2: 44.22 | E2: 15977 | H2: =Tabelle!F111 -> 0.2557 | J2: =Tabelle!B111 -> 64934 | K2: =Tabelle!G85 -> 16601.39
A3: 2024 | B3: 2 | C3: MG5 | D3: 237.45 | E3: 80655 | H3: =Tabelle!F112 -> 0.2378 | J3: =Tabelle!B112 -> 71197 | K3: =Tabelle!G86 -> 16934
A4: 2024 | B4: 3 | C4: MG5 | D4: 230.27 | E4: 84827 | H4: =Tabelle!F113 -> 0.2428 | J4: =Tabelle!B113 -> 51152 | K4: =Tabelle!G87 -> 12419.74
A5: 2024 | B5: 4 | C5: MG5 | D5: 190.51 | E5: 47809 | H5: =Tabelle!F114 -> 0.2416 | J5: =Tabelle!B114 -> 45316 | K5: =Tabelle!G88 -> 10948.47
A6: 2024 | B6: 5 | C6: MG5 | D6: 100.88 | E6: 37786 | H6: =Tabelle!F115 -> 0.2507 | J6: =Tabelle!B115 -> 51330 | K6: =Tabelle!G89 -> 12868.58
A7: 2024 | B7: 6 | C7: MG5 | D7: 76.43 | E7: 29749 | H7: =Tabelle!F116 -> 0.2722 | J7: =Tabelle!B116 -> 42151 | K7: =Tabelle!G90 -> 11473.9
A8: 2024 | B8: 7 | C8: MG5 | D8: 4.85 | E8: 1657 | H8: =Tabelle!F117 -> 0.287 | J8: =Tabelle!B117 -> 67581 | K8: =Tabelle!G91 -> 19396.73
A9: 2024 | B9: 8 | C9: MG5 | D9: 43.96 | E9: 15795 | H9: =Tabelle!F118 -> 0.3047 | J9: =Tabelle!B118 -> 44796 | K9: =Tabelle!G92 -> 13651.04
A10: 2024 | B10: 9 | C10: MG5 | D10: 193.27 | E10: 93880 | H10: =Tabelle!F119 -> 0.2904 | J10: =Tabelle!B119 -> 52599 | K10: =Tabelle!G93 -> 15277.15
A11: 2024 | B11: 10 | C11: MG5 | D11: 77.08 | E11: 36904 | H11: =Tabelle!F120 -> 0.2856 | J11: =Tabelle!B120 -> 54362 | K11: =Tabelle!G94 -> 15523.99
A12: 2024 | B12: 11 | C12: MG5 | D12: =Tabelle!P20 -> 167 | E12: =Tabelle!P36 -> 39163 | F12: =Tabelle!P4 -> 300.96 | H12: =Tabelle!F121 -> 0.307 | I12: =F12*H12 -> 92.39472 | J12: =Tabelle!B121 -> 64157 | K12: =Tabelle!G95 -> 19751.41
A13: 2024 | B13: 12 | C13: MG5 | D13: =Tabelle!P21 -> 313.3 | E13: =Tabelle!P37 -> 106394 | F13: =Tabelle!P5 -> 602.5 | H13: =Tabelle!F122 -> 0.331 | I13: =F13*H13 -> 199.4275 | J13: =Tabelle!B122 -> 51593 | K13: =Tabelle!G96 -> 17063.94
A14: 2025 | B14: 1 | C14: MG5 | D14: =Tabelle!P22 -> 83.8 | E14: =Tabelle!P38 -> 33385 | F14: =Tabelle!P6 -> 255.76 | H14: =Tabelle!F123 -> 0.335 | I14: =F14*H14 -> 85.6796 | J14: =Tabelle!B123 -> 61904 | K14: =Tabelle!G97 -> 20875.39
A15: 2025 | B15: 2 | C15: MG5 | D15: =Tabelle!P23 -> 164.4 | E15: =Tabelle!P39 -> 50236 | F15: =Tabelle!P7 -> 466.13 | H15: =Tabelle!F124 -> 0.334 | I15: =F15*H15 -> 155.68742 | J15: =Tabelle!B124 -> 60366 | K15: =Tabelle!G98 -> 20173.7
A16: 2025 | B16: 3 | C16: MG5 | D16: =Tabelle!P24 -> 67.3 | E16: =Tabelle!P40 -> 21941 | F16: =Tabelle!P8 -> 325.22 | H16: =Tabelle!F125 -> 0.286 | I16: =F16*H16 -> 93.01292 | J16: =Tabelle!B125 -> 58209 | K16: =Tabelle!G99 -> 16648.58
A17: 2025 | B17: 4 | C17: MG5 | D17: =Tabelle!P25 -> 26.5 | E17: =Tabelle!P41 -> 9251 | F17: =Tabelle!P9 -> 83.39 | H17: =Tabelle!F126 -> 0.2655 | I17: =F17*H17 -> 22.140045 | J17: =Tabelle!B126 -> 41269 | K17: =Tabelle!G100 -> 10956.7
A18: 2025 | B18: 5 | C18: MG5 | D18: =Tabelle!P26 -> 122.3 | E18: =Tabelle!P42 -> 49539 | F18: =Tabelle!P10 -> 382.11 | H18: =Tabelle!F127 -> 0.2575 | I18: =F18*H18 -> 98.393325 | J18: =Tabelle!B127 -> 30809 | K18: =Tabelle!G101 -> 7932.95
A19: 2025 | B19: 6 | C19: MG5 | D19: =Tabelle!P27 -> 257.3 | E19: =Tabelle!P43 -> 96390 | F19: =Tabelle!P11 -> 583.36 | H19: =Tabelle!F128 -> 0.355 | I19: =F19*H19 -> 207.0928 | J19: =Tabelle!B128 -> 33644 | K19: =Tabelle!G102 -> 11949.42
A20: 2025 | B20: 7 | C20: MG5 | D20: =Tabelle!P28 -> 82 | E20: =Tabelle!P44 -> 24626 | F20: =Tabelle!P12 -> 296.83 | H20: =Tabelle!F129 -> 0.296 | I20: =F20*H20 -> 87.86168 | J20: =Tabelle!B129 -> 51483 | K20: =Tabelle!G103 -> 15262.33
A21: 2025 | B21: 8 | C21: MG5 | D21: =Tabelle!P29 -> 58.05 | E21: =Tabelle!P45 -> 18480 | F21: =Tabelle!P13 -> 152.79 | H21: =Tabelle!F130 -> 0.3268 | I21: =F21*H21 -> 49.931772 | J21: =Tabelle!B130 -> 17650 | K21: =Tabelle!G104 -> 5768.63
A22: 2025 | B22: 9 | C22: MG5 | D22: =Tabelle!P30 -> 157.72 | E22: =Tabelle!P46 -> 48778 | F22: =Tabelle!P14 -> 450.66 | H22: =Tabelle!F131 -> 0.2732 | I22: =F22*H22 -> 123.12031 | J22: =Tabelle!B131 -> 47214 | K22: =Tabelle!G105 -> 12897.86
A23: 2025 | B23: 10 | C23: MG5 | D23: =Tabelle!P31 -> 48.67 | E23: =Tabelle!P47 -> 22306 | F23: =Tabelle!P15 -> 433.92 | H23: =Tabelle!F132 -> 0.2134 | I23: =F23*H23 -> 92.598528 | J23: =Tabelle!B132 -> 47533 | K23: =Tabelle!G106 -> 13101.09
A24: 2025 | B24: 11 | C24: MG5 | H24: =Tabelle!F133 -> 0.2261 | J24: =Tabelle!B133 -> 50662 | K24: =Tabelle!G111 -> 0
A25: 2025 | B25: 12 | C25: MG5 | H25: =Tabelle!F134 -> 0 | J25: =Tabelle!B134 -> 0 | K25: =Tabelle!G112 -> 0

Sheet MG6
A1: anno | B1: mese | C1: macchina o impianto | D1: ore produzione macchina | E1: pezzi prodotti | F1: consumo | G1: lettura | H1: costo energia | I1: costo macchina | J1: consumo da bolletta | K1: totale bolletta
A2: 2024 | B2: 1 | C2: MG6 | D2: 32.47 | E2: 11214 | H2: =Tabelle!F111 -> 0.2557 | J2: =Tabelle!B111 -> 64934 | K2: =Tabelle!G85 -> 16601.39
A3: 2024 | B3: 2 | C3: MG6 | D3: 89.87 | E3: 35840 | H3: =Tabelle!F112 -> 0.2378 | J3: =Tabelle!B112 -> 71197 | K3: =Tabelle!G86 -> 16934
A4: 2024 | B4: 3 | C4: MG6 | D4: 8.01 | E4: 5376 | H4: =Tabelle!F113 -> 0.2428 | J4: =Tabelle!B113 -> 51152 | K4: =Tabelle!G87 -> 12419.74
A5: 2024 | B5: 4 | C5: MG6 | D5: 60.16 | E5: 20237 | H5: =Tabelle!F114 -> 0.2416 | J5: =Tabelle!B114 -> 45316 | K5: =Tabelle!G88 -> 10948.47
A6: 2024 | B6: 5 | C6: MG6 | D6: 32.22 | E6: 12170 | H6: =Tabelle!F115 -> 0.2507 | J6: =Tabelle!B115 -> 51330 | K6: =Tabelle!G89 -> 12868.58
A7: 2024 | B7: 6 | C7: MG6 | D7: 27.62 | E7: 11200 | H7: =Tabelle!F116 -> 0.2722 | J7: =Tabelle!B116 -> 42151 | K7: =Tabelle!G90 -> 11473.9
A8: 2024 | B8: 7 | C8: MG6 | D8: 201.4 | E8: 81760 | H8: =Tabelle!F117 -> 0.287 | J8: =Tabelle!B117 -> 67581 | K8: =Tabelle!G91 -> 19396.73
A9: 2024 | B9: 8 | C9: MG6 | D9: 149.7 | E9: 9756 | H9: =Tabelle!F118 -> 0.3047 | J9: =Tabelle!B118 -> 44796 | K9: =Tabelle!G92 -> 13651.04
A10: 2024 | B10: 9 | C10: MG6 | D10: 39.27 | E10: 10745 | H10: =Tabelle!F119 -> 0.2904 | J10: =Tabelle!B119 -> 52599 | K10: =Tabelle!G93 -> 15277.15
A11: 2024 | B11: 10 | C11: MG6 | D11: 105.75 | E11: 31310 | H11: =Tabelle!F120 -> 0.2856 | J11: =Tabelle!B120 -> 54362 | K11: =Tabelle!G94 -> 15523.99
A12: 2024 | B12: 11 | C12: MG6 | D12: =Tabelle!Q20 -> 170.5 | E12: =Tabelle!Q36 -> 20105 | F12: =Tabelle!Q4 -> 1071.04 | H12: =Tabelle!F121 -> 0.307 | I12: =F12*H12 -> 328.80928 | J12: =Tabelle!B121 -> 64157 | K12: =Tabelle!G95 -> 19751.41
A13: 2024 | B13: 12 | C13: MG6 | D13: =Tabelle!Q21 -> 54.1 | E13: =Tabelle!Q37 -> 18252 | F13: =Tabelle!Q5 -> 888.67 | H13: =Tabelle!F122 -> 0.331 | I13: =F13*H13 -> 294.14977 | J13: =Tabelle!B122 -> 51593 | K13: =Tabelle!G96 -> 17063.94
A14: 2025 | B14: 1 | C14: MG6 | D14: =Tabelle!Q22 -> 106.1 | E14: =Tabelle!Q38 -> 40745 | F14: =Tabelle!Q6 -> 1432.46 | H14: =Tabelle!F123 -> 0.335 | I14: =F14*H14 -> 479.8741 | J14: =Tabelle!B123 -> 61904 | K14: =Tabelle!G97 -> 20875.39
A15: 2025 | B15: 2 | C15: MG6 | D15: =Tabelle!Q23 -> 58.3 | E15: =Tabelle!Q39 -> 23470 | F15: =Tabelle!Q7 -> 1260.74 | H15: =Tabelle!F124 -> 0.334 | I15: =F15*H15 -> 421.08716 | J15: =Tabelle!B124 -> 60366 | K15: =Tabelle!G98 -> 20173.7
A16: 2025 | B16: 3 | C16: MG6 | D16: =Tabelle!Q24 -> 117 | E16: =Tabelle!Q40 -> 43809 | F16: =Tabelle!Q8 -> 1940.01 | H16: =Tabelle!F125 -> 0.286 | I16: =F16*H16 -> 554.84286 | J16: =Tabelle!B125 -> 58209 | K16: =Tabelle!G99 -> 16648.58
A17: 2025 | B17: 4 | C17: MG6 | D17: =Tabelle!Q25 -> 80.9 | E17: =Tabelle!Q41 -> 26090 | F17: =Tabelle!Q9 -> 1086.83 | H17: =Tabelle!F126 -> 0.2655 | I17: =F17*H17 -> 288.55336 | J17: =Tabelle!B126 -> 41269 | K17: =Tabelle!G100 -> 10956.7
A18: 2025 | B18: 5 | C18: MG6 | D18: =Tabelle!Q26 -> 61.4 | E18: =Tabelle!Q42 -> 22280 | F18: =Tabelle!Q10 -> 923.16 | H18: =Tabelle!F127 -> 0.2575 | I18: =F18*H18 -> 237.7137 | J18: =Tabelle!B127 -> 30809 | K18: =Tabelle!G101 -> 7932.95
A19: 2025 | B19: 6 | C19: MG6 | D19: =Tabelle!Q27 -> 118.2 | E19: =Tabelle!Q43 -> 53907 | F19: =Tabelle!Q11 -> 1403.14 | H19: =Tabelle!F128 -> 0.355 | I19: =F19*H19 -> 498.1147 | J19: =Tabelle!B128 -> 33644 | K19: =Tabelle!G102 -> 11949.42
A20: 2025 | B20: 7 | C20: MG6 | D20: =Tabelle!Q28 -> 107.8 | E20: =Tabelle!Q44 -> 41601 | F20: =Tabelle!Q12 -> 1518.73 | H20: =Tabelle!F129 -> 0.296 | I20: =F20*H20 -> 449.54408 | J20: =Tabelle!B129 -> 51483 | K20: =Tabelle!G103 -> 15262.33
A21: 2025 | B21: 8 | C21: MG6 | D21: =Tabelle!Q29 -> 70.04 | E21: =Tabelle!Q45 -> 32592 | F21: =Tabelle!Q13 -> 697.35 | H21: =Tabelle!F130 -> 0.3268 | J21: =Tabelle!B130 -> 17650 | K21: =Tabelle!G104 -> 5768.63
A22: 2025 | B22: 9 | C22: MG6 | D22: =Tabelle!Q30 -> 245.35 | E22: =Tabelle!Q46 -> 114670 | F22: =Tabelle!Q14 -> 2729.53 | H22: =Tabelle!F131 -> 0.2732 | J22: =Tabelle!B131 -> 47214 | K22: =Tabelle!G105 -> 12897.86
A23: 2025 | B23: 10 | C23: MG6 | D23: =Tabelle!Q31 -> 39.54 | E23: =Tabelle!Q47 -> 14168 | F23: =Tabelle!Q15 -> 1593.54 | H23: =Tabelle!F132 -> 0.2134 | J23: =Tabelle!B132 -> 47533 | K23: =Tabelle!G106 -> 13101.09
A24: 2025 | B24: 11 | C24: MG6 | H24: =Tabelle!F133 -> 0.2261 | J24: =Tabelle!B133 -> 50662 | K24: =Tabelle!G111 -> 0
A25: 2025 | B25: 12 | C25: MG6 | H25: =Tabelle!F134 -> 0 | J25: =Tabelle!B134 -> 0 | K25: =Tabelle!G112 -> 0

Sheet MG7
A1: anno | B1: mese | C1: macchina o impianto | D1: ore produzione macchina | E1: pezzi prodotti | F1: consumo | G1: lettura | H1: costo energia | I1: costo macchina | J1: consumo da bolletta | K1: totale bolletta
A2: 2024 | B2: 1 | C2: MG7 | D2: 0 | E2: 0 | H2: =Tabelle!F111 -> 0.2557 | J2: =Tabelle!B111 -> 64934 | K2: =Tabelle!G85 -> 16601.39
A3: 2024 | B3: 2 | C3: MG7 | D3: 107.8 | E3: 35872 | H3: =Tabelle!F112 -> 0.2378 | J3: =Tabelle!B112 -> 71197 | K3: =Tabelle!G86 -> 16934
A4: 2024 | B4: 3 | C4: MG7 | D4: 0 | E4: 1 | H4: =Tabelle!F113 -> 0.2428 | J4: =Tabelle!B113 -> 51152 | K4: =Tabelle!G87 -> 12419.74
A5: 2024 | B5: 4 | C5: MG7 | D5: 47.6 | E5: 10590 | H5: =Tabelle!F114 -> 0.2416 | J5: =Tabelle!B114 -> 45316 | K5: =Tabelle!G88 -> 10948.47
A6: 2024 | B6: 5 | C6: MG7 | D6: 122.14 | E6: 43830 | H6: =Tabelle!F115 -> 0.2507 | J6: =Tabelle!B115 -> 51330 | K6: =Tabelle!G89 -> 12868.58
A7: 2024 | B7: 6 | C7: MG7 | D7: 37.02 | E7: 11150 | H7: =Tabelle!F116 -> 0.2722 | J7: =Tabelle!B116 -> 42151 | K7: =Tabelle!G90 -> 11473.9
A8: 2024 | B8: 7 | C8: MG7 | D8: 30.45 | E8: 10071 | H8: =Tabelle!F117 -> 0.287 | J8: =Tabelle!B117 -> 67581 | K8: =Tabelle!G91 -> 19396.73
A9: 2024 | B9: 8 | C9: MG7 | D9: 39.08 | E9: 14982 | H9: =Tabelle!F118 -> 0.3047 | J9: =Tabelle!B118 -> 44796 | K9: =Tabelle!G92 -> 13651.04
A10: 2024 | B10: 9 | C10: MG7 | D10: 30.35 | E10: 11340 | H10: =Tabelle!F119 -> 0.2904 | J10: =Tabelle!B119 -> 52599 | K10: =Tabelle!G93 -> 15277.15
A11: 2024 | B11: 10 | C11: MG7 | D11: 108.29 | E11: 53551 | H11: =Tabelle!F120 -> 0.2856 | J11: =Tabelle!B120 -> 54362 | K11: =Tabelle!G94 -> 15523.99
A12: 2024 | B12: 11 | C12: MG7 | D12: =Tabelle!R20 -> 45.7 | E12: =Tabelle!R36 -> 16163 | F12: =Tabelle!R4 -> 934.72 | H12: =Tabelle!F121 -> 0.307 | I12: =F12*H12 -> 286.95904 | J12: =Tabelle!B121 -> 64157 | K12: =Tabelle!G95 -> 19751.41
A13: 2024 | B13: 12 | C13: MG7 | D13: =Tabelle!R21 -> 21.1 | E13: =Tabelle!R37 -> 9100 | F13: =Tabelle!R5 -> 395.78 | H13: =Tabelle!F122 -> 0.331 | I13: =F13*H13 -> 131.00318 | J13: =Tabelle!B122 -> 51593 | K13: =Tabelle!G96 -> 17063.94
A14: 2025 | B14: 1 | C14: MG7 | D14: =Tabelle!R22 -> 72.6 | E14: =Tabelle!R38 -> 20219 | F14: =Tabelle!R6 -> 1069.29 | H14: =Tabelle!F123 -> 0.335 | I14: =F14*H14 -> 358.21215 | J14: =Tabelle!B123 -> 61904 | K14: =Tabelle!G97 -> 20875.39
A15: 2025 | B15: 2 | C15: MG7 | D15: =Tabelle!R23 -> 180.6 | E15: =Tabelle!R39 -> 29367 | F15: =Tabelle!R7 -> 1530.02 | H15: =Tabelle!F124 -> 0.334 | I15: =F15*H15 -> 511.02668 | J15: =Tabelle!B124 -> 60366 | K15: =Tabelle!G98 -> 20173.7
A16: 2025 | B16: 3 | C16: MG7 | D16: =Tabelle!R24 -> 0 | E16: =Tabelle!R40 -> 0 | F16: =Tabelle!R8 -> 299.4 | H16: =Tabelle!F125 -> 0.286 | I16: =F16*H16 -> 85.6284 | J16: =Tabelle!B125 -> 58209 | K16: =Tabelle!G99 -> 16648.58
A17: 2025 | B17: 4 | C17: MG7 | D17: =Tabelle!R25 -> 0 | E17: =Tabelle!R41 -> 0 | F17: =Tabelle!R9 -> 83.37 | H17: =Tabelle!F126 -> 0.2655 | I17: =F17*H17 -> 22.134735 | J17: =Tabelle!B126 -> 41269 | K17: =Tabelle!G100 -> 10956.7
A18: 2025 | B18: 5 | C18: MG7 | D18: =Tabelle!R26 -> 0 | E18: =Tabelle!R42 -> 0 | F18: =Tabelle!R10 -> 64.7 | H18: =Tabelle!F127 -> 0.2575 | I18: =F18*H18 -> 16.66025 | J18: =Tabelle!B127 -> 30809 | K18: =Tabelle!G101 -> 7932.95
A19: 2025 | B19: 6 | C19: MG7 | D19: =Tabelle!R27 -> 0 | E19: =Tabelle!R43 -> 0 | F19: =Tabelle!R11 -> 42.13 | H19: =Tabelle!F128 -> 0.355 | I19: =F19*H19 -> 14.95615 | J19: =Tabelle!B128 -> 33644 | K19: =Tabelle!G102 -> 11949.42
A20: 2025 | B20: 7 | C20: MG7 | D20: =Tabelle!R28 -> 0 | E20: =Tabelle!R44 -> 0 | F20: =Tabelle!R12 -> 53.4 | H20: =Tabelle!F129 -> 0.296 | I20: =F20*H20 -> 15.8064 | J20: =Tabelle!B129 -> 51483 | K20: =Tabelle!G103 -> 15262.33
A21: 2025 | B21: 8 | C21: MG7 | D21: =Tabelle!R29 -> 0 | E21: =Tabelle!R45 -> 0 | F21: =Tabelle!R13 -> 19.63 | H21: =Tabelle!F130 -> 0.3268 | J21: =Tabelle!B130 -> 17650 | K21: =Tabelle!G104 -> 5768.63
A22: 2025 | B22: 9 | C22: MG7 | D22: =Tabelle!R30 -> 18.71 | E22: =Tabelle!R46 -> 5980 | F22: =Tabelle!R14 -> 533.69 | H22: =Tabelle!F131 -> 0.2732 | J22: =Tabelle!B131 -> 47214 | K22: =Tabelle!G105 -> 12897.86
A23: 2025 | B23: 10 | C23: MG7 | D23: =Tabelle!R31 -> 10.44 | E23: =Tabelle!R47 -> 2284 | F23: =Tabelle!R15 -> 1456.08 | H23: =Tabelle!F132 -> 0.2134 | J23: =Tabelle!B132 -> 47533 | K23: =Tabelle!G106 -> 13101.09
A24: 2025 | B24: 11 | C24: MG7 | H24: =Tabelle!F133 -> 0.2261 | J24: =Tabelle!B133 -> 50662 | K24: =Tabelle!G111 -> 0
A25: 2025 | B25: 12 | C25: MG7 | H25: =Tabelle!F134 -> 0 | J25: =Tabelle!B134 -> 0 | K25: =Tabelle!G112 -> 0

Sheet MG8
A1: anno | B1: mese | C1: macchina o impianto | D1: ore produzione macchina | E1: pezzi prodotti | F1: consumo | G1: lettura | H1: costo energia | I1: costo macchina | J1: consumo da bolletta | K1: totale bolletta
A2: 2024 | B2: 1 | C2: MG8 | D2: 0 | E2: 0 | H2: =Tabelle!F111 -> 0.2557 | J2: =Tabelle!B111 -> 64934 | K2: =Tabelle!G85 -> 16601.39
A3: 2024 | B3: 2 | C3: MG8 | D3: 25.11 | E3: 6018 | H3: =Tabelle!F112 -> 0.2378 | J3: =Tabelle!B112 -> 71197 | K3: =Tabelle!G86 -> 16934
A4: 2024 | B4: 3 | C4: MG8 | D4: 0 | E4: 0 | H4: =Tabelle!F113 -> 0.2428 | J4: =Tabelle!B113 -> 51152 | K4: =Tabelle!G87 -> 12419.74
A5: 2024 | B5: 4 | C5: MG8 | D5: 0 | E5: 180 | H5: =Tabelle!F114 -> 0.2416 | J5: =Tabelle!B114 -> 45316 | K5: =Tabelle!G88 -> 10948.47
A6: 2024 | B6: 5 | C6: MG8 | D6: 82.96 | E6: 16386 | H6: =Tabelle!F115 -> 0.2507 | J6: =Tabelle!B115 -> 51330 | K6: =Tabelle!G89 -> 12868.58
A7: 2024 | B7: 6 | C7: MG8 | D7: 62.68 | E7: 11200 | H7: =Tabelle!F116 -> 0.2722 | J7: =Tabelle!B116 -> 42151 | K7: =Tabelle!G90 -> 11473.9
A8: 2024 | B8: 7 | C8: MG8 | D8: 0 | E8: 30 | H8: =Tabelle!F117 -> 0.287 | J8: =Tabelle!B117 -> 67581 | K8: =Tabelle!G91 -> 19396.73
A9: 2024 | B9: 8 | C9: MG8 | D9: 29.47 | E9: 6543 | H9: =Tabelle!F118 -> 0.3047 | J9: =Tabelle!B118 -> 44796 | K9: =Tabelle!G92 -> 13651.04
A10: 2024 | B10: 9 | C10: MG8 | D10: 38.6 | E10: 10129 | H10: =Tabelle!F119 -> 0.2904 | J10: =Tabelle!B119 -> 52599 | K10: =Tabelle!G93 -> 15277.15
A11: 2024 | B11: 10 | C11: MG8 | D11: 18.75 | E11: 4893 | H11: =Tabelle!F120 -> 0.2856 | J11: =Tabelle!B120 -> 54362 | K11: =Tabelle!G94 -> 15523.99
A12: 2024 | B12: 11 | C12: MG8 | D12: =Tabelle!S20 -> 59.8 | E12: =Tabelle!S36 -> 13260 | F12: =Tabelle!S4 -> 466.64 | H12: =Tabelle!F121 -> 0.307 | I12: =F12*H12 -> 143.25848 | J12: =Tabelle!B121 -> 64157 | K12: =Tabelle!G95 -> 19751.41
A13: 2024 | B13: 12 | C13: MG8 | D13: =Tabelle!S21 -> 28.8 | E13: =Tabelle!S37 -> 6188 | F13: =Tabelle!S5 -> 307.31 | H13: =Tabelle!F122 -> 0.331 | I13: =F13*H13 -> 101.71961 | J13: =Tabelle!B122 -> 51593 | K13: =Tabelle!G96 -> 17063.94
A14: 2025 | B14: 1 | C14: MG8 | D14: =Tabelle!S22 -> 111.7 | E14: =Tabelle!S38 -> 25438 | F14: =Tabelle!S6 -> 788.06 | H14: =Tabelle!F123 -> 0.335 | I14: =F14*H14 -> 264.0001 | J14: =Tabelle!B123 -> 61904 | K14: =Tabelle!G97 -> 20875.39
A15: 2025 | B15: 2 | C15: MG8 | D15: =Tabelle!S23 -> 18.1 | E15: =Tabelle!S39 -> 2223 | F15: =Tabelle!S7 -> 477.22 | H15: =Tabelle!F124 -> 0.334 | I15: =F15*H15 -> 159.39148 | J15: =Tabelle!B124 -> 60366 | K15: =Tabelle!G98 -> 20173.7
A16: 2025 | B16: 3 | C16: MG8 | D16: =Tabelle!S24 -> 78.5 | E16: =Tabelle!S40 -> 11680 | F16: =Tabelle!S8 -> 934.26 | H16: =Tabelle!F125 -> 0.286 | I16: =F16*H16 -> 267.19836 | J16: =Tabelle!B125 -> 58209 | K16: =Tabelle!G99 -> 16648.58
A17: 2025 | B17: 4 | C17: MG8 | D17: =Tabelle!S25 -> 0 | E17: =Tabelle!S41 -> 1 | F17: =Tabelle!S9 -> 233.36 | H17: =Tabelle!F126 -> 0.2655 | I17: =F17*H17 -> 61.95708 | J17: =Tabelle!B126 -> 41269 | K17: =Tabelle!G100 -> 10956.7
A18: 2025 | B18: 5 | C18: MG8 | D18: =Tabelle!S26 -> 53.8 | E18: =Tabelle!S42 -> 13306 | F18: =Tabelle!S10 -> 470.67 | H18: =Tabelle!F127 -> 0.2575 | I18: =F18*H18 -> 121.19752 | J18: =Tabelle!B127 -> 30809 | K18: =Tabelle!G101 -> 7932.95
A19: 2025 | B19: 6 | C19: MG8 | D19: =Tabelle!S27 -> 10.6 | E19: =Tabelle!S43 -> 3176 | F19: =Tabelle!S11 -> 217.32 | H19: =Tabelle!F128 -> 0.355 | I19: =F19*H19 -> 77.1486 | J19: =Tabelle!B128 -> 33644 | K19: =Tabelle!G102 -> 11949.42
A20: 2025 | B20: 7 | C20: MG8 | D20: =Tabelle!S28 -> 52.3 | E20: =Tabelle!S44 -> 10511 | F20: =Tabelle!S12 -> 618.55 | H20: =Tabelle!F129 -> 0.296 | I20: =F20*H20 -> 183.0908 | J20: =Tabelle!B129 -> 51483 | K20: =Tabelle!G103 -> 15262.33
A21: 2025 | B21: 8 | C21: MG8 | D21: =Tabelle!S29 -> 32.94 | E21: =Tabelle!S45 -> 6472 | F21: =Tabelle!S13 -> 312.66 | H21: =Tabelle!F130 -> 0.3268 | I21: =F21*H21 -> 102.17729 | J21: =Tabelle!B130 -> 17650 | K21: =Tabelle!G104 -> 5768.63
A22: 2025 | B22: 9 | C22: MG8 | D22: =Tabelle!S30 -> 87.86 | E22: =Tabelle!S46 -> 16889 | F22: =Tabelle!S14 -> 841.55 | H22: =Tabelle!F131 -> 0.2732 | I22: =F22*H22 -> 229.91146 | J22: =Tabelle!B131 -> 47214 | K22: =Tabelle!G105 -> 12897.86
A23: 2025 | B23: 10 | C23: MG8 | D23: =Tabelle!S31 -> 0 | E23: =Tabelle!S47 -> 0 | F23: =Tabelle!S15 -> 673.09 | H23: =Tabelle!F132 -> 0.2134 | I23: =F23*H23 -> 143.63741 | J23: =Tabelle!B132 -> 47533 | K23: =Tabelle!G106 -> 13101.09
A24: 2025 | B24: 11 | C24: MG8 | H24: =Tabelle!F133 -> 0.2261 | J24: =Tabelle!B133 -> 50662 | K24: =Tabelle!G111 -> 0
A25: 2025 | B25: 12 | C25: MG8 | H25: =Tabelle!F134 -> 0 | J25: =Tabelle!B134 -> 0 | K25: =Tabelle!G112 -> 0

Sheet MMAN
A1: anno | B1: mese | C1: macchina o impianto | D1: ore produzione macchina | E1: pezzi prodotti | F1: consumo | G1: lettura | H1: costo energia | I1: costo macchina | J1: consumo da bolletta | K1: totale bolletta
A2: 2024 | B2: 1 | C2: MMAN | D2: 0 | E2: 0 | H2: =Tabelle!F111 -> 0.2557 | J2: =Tabelle!B111 -> 64934 | K2: =Tabelle!G85 -> 16601.39
A3: 2024 | B3: 2 | C3: MMAN | D3: 0 | E3: 0 | H3: =Tabelle!F112 -> 0.2378 | J3: =Tabelle!B112 -> 71197 | K3: =Tabelle!G86 -> 16934
A4: 2024 | B4: 3 | C4: MMAN | D4: 173.01 | E4: 23719 | H4: =Tabelle!F113 -> 0.2428 | J4: =Tabelle!B113 -> 51152 | K4: =Tabelle!G87 -> 12419.74
A5: 2024 | B5: 4 | C5: MMAN | D5: 106.12 | E5: 13699 | H5: =Tabelle!F114 -> 0.2416 | J5: =Tabelle!B114 -> 45316 | K5: =Tabelle!G88 -> 10948.47
A6: 2024 | B6: 5 | C6: MMAN | D6: 115.74 | E6: 16240 | H6: =Tabelle!F115 -> 0.2507 | J6: =Tabelle!B115 -> 51330 | K6: =Tabelle!G89 -> 12868.58
A7: 2024 | B7: 6 | C7: MMAN | D7: 90.61 | E7: 13345 | H7: =Tabelle!F116 -> 0.2722 | J7: =Tabelle!B116 -> 42151 | K7: =Tabelle!G90 -> 11473.9
A8: 2024 | B8: 7 | C8: MMAN | D8: 145.33 | E8: 22870 | H8: =Tabelle!F117 -> 0.287 | J8: =Tabelle!B117 -> 67581 | K8: =Tabelle!G91 -> 19396.73
A9: 2024 | B9: 8 | C9: MMAN | D9: 21.28 | E9: 3600 | H9: =Tabelle!F118 -> 0.3047 | J9: =Tabelle!B118 -> 44796 | K9: =Tabelle!G92 -> 13651.04
A10: 2024 | B10: 9 | C10: MMAN | D10: 0 | E10: 0 | H10: =Tabelle!F119 -> 0.2904 | J10: =Tabelle!B119 -> 52599 | K10: =Tabelle!G93 -> 15277.15
A11: 2024 | B11: 10 | C11: MMAN | D11: 67.45 | E11: 14522 | H11: =Tabelle!F120 -> 0.2856 | J11: =Tabelle!B120 -> 54362 | K11: =Tabelle!G94 -> 15523.99
A12: 2024 | B12: 11 | C12: MMAN | D12: =Tabelle!T20 -> 159.6 | E12: =Tabelle!T36 -> 18477 | F12: =Tabelle!T4 -> 1673.1 | H12: =Tabelle!F121 -> 0.307 | I12: =F12*H12 -> 513.6417 | J12: =Tabelle!B121 -> 64157 | K12: =Tabelle!G95 -> 19751.41
A13: 2024 | B13: 12 | C13: MMAN | D13: =Tabelle!T21 -> 62.9 | E13: =Tabelle!T37 -> 21006 | F13: =Tabelle!T5 -> 892.37 | H13: =Tabelle!F122 -> 0.331 | I13: =F13*H13 -> 295.37447 | J13: =Tabelle!B122 -> 51593 | K13: =Tabelle!G96 -> 17063.94
A14: 2025 | B14: 1 | C14: MMAN | D14: =Tabelle!T22 -> 141.2 | E14: =Tabelle!T38 -> 23440 | F14: =Tabelle!T6 -> 1509.09 | H14: =Tabelle!F123 -> 0.335 | I14: =F14*H14 -> 505.54515 | J14: =Tabelle!B123 -> 61904 | K14: =Tabelle!G97 -> 20875.39
A15: 2025 | B15: 2 | C15: MMAN | D15: =Tabelle!T23 -> 202 | E15: =Tabelle!T39 -> 38160 | F15: =Tabelle!T7 -> 2323.88 | H15: =Tabelle!F124 -> 0.334 | I15: =F15*H15 -> 776.17592 | J15: =Tabelle!B124 -> 60366 | K15: =Tabelle!G98 -> 20173.7
A16: 2025 | B16: 3 | C16: MMAN | D16: =Tabelle!T24 -> 115.5 | E16: =Tabelle!T40 -> 13390 | F16: =Tabelle!T8 -> 1366.18 | H16: =Tabelle!F125 -> 0.286 | I16: =F16*H16 -> 390.72748 | J16: =Tabelle!B125 -> 58209 | K16: =Tabelle!G99 -> 16648.58
A17: 2025 | B17: 4 | C17: MMAN | D17: =Tabelle!T25 -> 48.3 | E17: =Tabelle!T41 -> 15990 | F17: =Tabelle!T9 -> 831.13 | H17: =Tabelle!F126 -> 0.2655 | I17: =F17*H17 -> 220.66502 | J17: =Tabelle!B126 -> 41269 | K17: =Tabelle!G100 -> 10956.7
A18: 2025 | B18: 5 | C18: MMAN | D18: =Tabelle!T26 -> 6.5 | E18: =Tabelle!T42 -> 6160 | F18: =Tabelle!T10 -> 320.41 | H18: =Tabelle!F127 -> 0.2575 | I18: =F18*H18 -> 82.505575 | J18: =Tabelle!B127 -> 30809 | K18: =Tabelle!G101 -> 7932.95
A19: 2025 | B19: 6 | C19: MMAN | D19: =Tabelle!T27 -> 0 | E19: =Tabelle!T43 -> 0 | F19: =Tabelle!T11 -> 473.18 | H19: =Tabelle!F128 -> 0.355 | I19: =F19*H19 -> 167.9789 | J19: =Tabelle!B128 -> 33644 | K19: =Tabelle!G102 -> 11949.42
A20: 2025 | B20: 7 | C20: MMAN | D20: =Tabelle!T28 -> 0 | E20: =Tabelle!T44 -> 0 | F20: =Tabelle!T12 -> 27.59 | H20: =Tabelle!F129 -> 0.296 | I20: =F20*H20 -> 8.16664 | J20: =Tabelle!B129 -> 51483 | K20: =Tabelle!G103 -> 15262.33
A21: 2025 | B21: 8 | C21: MMAN | D21: =Tabelle!T29 -> 17.82 | E21: =Tabelle!T45 -> 2126 | F21: =Tabelle!T13 -> 130.53 | H21: =Tabelle!F130 -> 0.3268 | I21: =F21*H21 -> 42.657204 | J21: =Tabelle!B130 -> 17650 | K21: =Tabelle!G104 -> 5768.63
A22: 2025 | B22: 9 | C22: MMAN | D22: =Tabelle!T30 -> 68.19 | E22: =Tabelle!T46 -> 10152 | F22: =Tabelle!T14 -> 433.03 | H22: =Tabelle!F131 -> 0.2732 | I22: =F22*H22 -> 118.3038 | J22: =Tabelle!B131 -> 47214 | K22: =Tabelle!G105 -> 12897.86
A23: 2025 | B23: 10 | C23: MMAN | D23: =Tabelle!T31 -> 0 | E23: =Tabelle!T47 -> 0 | F23: =Tabelle!T15 -> 173.13 | H23: =Tabelle!F132 -> 0.2134 | I23: =F23*H23 -> 36.945942 | J23: =Tabelle!B132 -> 47533 | K23: =Tabelle!G106 -> 13101.09
A24: 2025 | B24: 11 | C24: MMAN | H24: =Tabelle!F133 -> 0.2261 | J24: =Tabelle!B133 -> 50662 | K24: =Tabelle!G111 -> 0
A25: 2025 | B25: 12 | C25: MMAN | H25: =Tabelle!F134 -> 0 | J25: =Tabelle!B134 -> 0 | K25: =Tabelle!G112 -> 0

Sheet MP1
A1: anno | B1: mese | C1: macchina o impianto | D1: ore produzione macchina | E1: pezzi prodotti | F1: consumo | G1: lettura | H1: costo energia | I1: costo macchina | J1: consumo da bolletta | K1: totale bolletta
A2: 2024 | B2: 1 | C2: MP1 | D2: 43.99 | E2: 8052 | H2: =Tabelle!F111 -> 0.2557 | J2: =Tabelle!B111 -> 64934 | K2: =Tabelle!G85 -> 16601.39
A3: 2024 | B3: 2 | C3: MP1 | D3: 0 | E3: 0 | H3: =Tabelle!F112 -> 0.2378 | J3: =Tabelle!B112 -> 71197 | K3: =Tabelle!G86 -> 16934
A4: 2024 | B4: 3 | C4: MP1 | D4: 30.36 | E4: 6072 | H4: =Tabelle!F113 -> 0.2428 | J4: =Tabelle!B113 -> 51152 | K4: =Tabelle!G87 -> 12419.74
A5: 2024 | B5: 4 | C5: MP1 | D5: 35.54 | E5: 6053 | H5: =Tabelle!F114 -> 0.2416 | J5: =Tabelle!B114 -> 45316 | K5: =Tabelle!G88 -> 10948.47
A6: 2024 | B6: 5 | C6: MP1 | D6: 48.19 | E6: 8980 | H6: =Tabelle!F115 -> 0.2507 | J6: =Tabelle!B115 -> 51330 | K6: =Tabelle!G89 -> 12868.58
A7: 2024 | B7: 6 | C7: MP1 | D7: 0 | E7: 0 | H7: =Tabelle!F116 -> 0.2722 | J7: =Tabelle!B116 -> 42151 | K7: =Tabelle!G90 -> 11473.9
A8: 2024 | B8: 7 | C8: MP1 | D8: 0 | E8: 0 | H8: =Tabelle!F117 -> 0.287 | J8: =Tabelle!B117 -> 67581 | K8: =Tabelle!G91 -> 19396.73
A9: 2024 | B9: 8 | C9: MP1 | D9: 0 | E9: 0 | H9: =Tabelle!F118 -> 0.3047 | J9: =Tabelle!B118 -> 44796 | K9: =Tabelle!G92 -> 13651.04
A10: 2024 | B10: 9 | C10: MP1 | D10: 0 | E10: 0 | H10: =Tabelle!F119 -> 0.2904 | J10: =Tabelle!B119 -> 52599 | K10: =Tabelle!G93 -> 15277.15
A11: 2024 | B11: 10 | C11: MP1 | D11: 0 | E11: 0 | H11: =Tabelle!F120 -> 0.2856 | J11: =Tabelle!B120 -> 54362 | K11: =Tabelle!G94 -> 15523.99
A12: 2024 | B12: 11 | C12: MP1 | D12: =Tabelle!U20 -> 0 | E12: =Tabelle!U36 -> 0 | F12: =Tabelle!U4 -> 64.75 | H12: =Tabelle!F121 -> 0.307 | I12: =F12*H12 -> 19.87825 | J12: =Tabelle!B121 -> 64157 | K12: =Tabelle!G95 -> 19751.41
A13: 2024 | B13: 12 | C13: MP1 | D13: =Tabelle!U21 -> 0 | E13: =Tabelle!U37 -> 0 | F13: =Tabelle!U5 -> 36.83 | H13: =Tabelle!F122 -> 0.331 | I13: =F13*H13 -> 12.19073 | J13: =Tabelle!B122 -> 51593 | K13: =Tabelle!G96 -> 17063.94
A14: 2025 | B14: 1 | C14: MP1 | D14: =Tabelle!U22 -> 36.8 | E14: =Tabelle!U38 -> 16048 | F14: =Tabelle!U6 -> 1193.38 | H14: =Tabelle!F123 -> 0.335 | I14: =F14*H14 -> 399.7823 | J14: =Tabelle!B123 -> 61904 | K14: =Tabelle!G97 -> 20875.39
A15: 2025 | B15: 2 | C15: MP1 | D15: =Tabelle!U23 -> 69.6 | E15: =Tabelle!U39 -> 28795 | F15: =Tabelle!U7 -> 1507.61 | H15: =Tabelle!F124 -> 0.334 | I15: =F15*H15 -> 503.54174 | J15: =Tabelle!B124 -> 60366 | K15: =Tabelle!G98 -> 20173.7
A16: 2025 | B16: 3 | C16: MP1 | D16: =Tabelle!U24 -> 0 | E16: =Tabelle!U40 -> 0 | F16: =Tabelle!U8 -> 0 | H16: =Tabelle!F125 -> 0.286 | I16: =F16*H16 -> 0 | J16: =Tabelle!B125 -> 58209 | K16: =Tabelle!G99 -> 16648.58
A17: 2025 | B17: 4 | C17: MP1 | D17: =Tabelle!U25 -> 0 | E17: =Tabelle!U41 -> 0 | F17: =Tabelle!U9 -> 0 | H17: =Tabelle!F126 -> 0.2655 | I17: =F17*H17 -> 0 | J17: =Tabelle!B126 -> 41269 | K17: =Tabelle!G100 -> 10956.7
A18: 2025 | B18: 5 | C18: MP1 | D18: =Tabelle!U26 -> 0 | E18: =Tabelle!U42 -> 0 | F18: =Tabelle!U10 -> 0 | H18: =Tabelle!F127 -> 0.2575 | I18: =F18*H18 -> 0 | J18: =Tabelle!B127 -> 30809 | K18: =Tabelle!G101 -> 7932.95
A19: 2025 | B19: 6 | C19: MP1 | D19: =Tabelle!U27 -> 0 | E19: =Tabelle!U43 -> 0 | F19: =Tabelle!U11 -> 0 | H19: =Tabelle!F128 -> 0.355 | I19: =F19*H19 -> 0 | J19: =Tabelle!B128 -> 33644 | K19: =Tabelle!G102 -> 11949.42
A20: 2025 | B20: 7 | C20: MP1 | D20: =Tabelle!U28 -> 0 | E20: =Tabelle!U44 -> 0 | F20: =Tabelle!U12 -> 0 | H20: =Tabelle!F129 -> 0.296 | I20: =F20*H20 -> 0 | J20: =Tabelle!B129 -> 51483 | K20: =Tabelle!G103 -> 15262.33
A21: 2025 | B21: 8 | C21: MP1 | D21: =Tabelle!U29 -> 0 | E21: =Tabelle!U45 -> 0 | F21: =Tabelle!U13 -> 0 | H21: =Tabelle!F130 -> 0.3268 | I21: =F21*H21 -> 0 | J21: =Tabelle!B130 -> 17650 | K21: =Tabelle!G104 -> 5768.63
A22: 2025 | B22: 9 | C22: MP1 | D22: =Tabelle!U30 -> 0 | E22: =Tabelle!U46 -> 0 | F22: =Tabelle!U14 -> 0 | H22: =Tabelle!F131 -> 0.2732 | I22: =F22*H22 -> 0 | J22: =Tabelle!B131 -> 47214 | K22: =Tabelle!G105 -> 12897.86
A23: 2025 | B23: 10 | C23: MP1 | D23: =Tabelle!U31 -> 0 | E23: =Tabelle!U47 -> 0 | F23: =Tabelle!U15 -> 0 | H23: =Tabelle!F132 -> 0.2134 | I23: =F23*H23 -> 0 | J23: =Tabelle!B132 -> 47533 | K23: =Tabelle!G106 -> 13101.09
A24: 2025 | B24: 11 | C24: MP1 | H24: =Tabelle!F133 -> 0.2261 | J24: =Tabelle!B133 -> 50662 | K24: =Tabelle!G111 -> 0
A25: 2025 | B25: 12 | C25: MP1 | H25: =Tabelle!F134 -> 0 | J25: =Tabelle!B134 -> 0 | K25: =Tabelle!G112 -> 0

Sheet MP2
A1: anno | B1: mese | C1: macchina o impianto | D1: ore produzione macchina | E1: pezzi prodotti | F1: consumo | G1: lettura | H1: costo energia | I1: costo macchina | J1: consumo da bolletta | K1: totale bolletta
A2: 2024 | B2: 1 | C2: MP2 | D2: 24.19 | E2: 22000 | H2: =Tabelle!F111 -> 0.2557 | J2: =Tabelle!B111 -> 64934 | K2: =Tabelle!G85 -> 16601.39
A3: 2024 | B3: 2 | C3: MP2 | D3: 120.67 | E3: 80390 | H3: =Tabelle!F112 -> 0.2378 | J3: =Tabelle!B112 -> 71197 | K3: =Tabelle!G86 -> 16934
A4: 2024 | B4: 3 | C4: MP2 | D4: 108.02 | E4: 65908 | H4: =Tabelle!F113 -> 0.2428 | J4: =Tabelle!B113 -> 51152 | K4: =Tabelle!G87 -> 12419.74
A5: 2024 | B5: 4 | C5: MP2 | D5: 23.13 | E5: 14810 | H5: =Tabelle!F114 -> 0.2416 | J5: =Tabelle!B114 -> 45316 | K5: =Tabelle!G88 -> 10948.47
A6: 2024 | B6: 5 | C6: MP2 | D6: 27.31 | E6: 20716 | H6: =Tabelle!F115 -> 0.2507 | J6: =Tabelle!B115 -> 51330 | K6: =Tabelle!G89 -> 12868.58
A7: 2024 | B7: 6 | C7: MP2 | D7: 40.33 | E7: 31850 | H7: =Tabelle!F116 -> 0.2722 | J7: =Tabelle!B116 -> 42151 | K7: =Tabelle!G90 -> 11473.9
A8: 2024 | B8: 7 | C8: MP2 | D8: 62.54 | E8: 50800 | H8: =Tabelle!F117 -> 0.287 | J8: =Tabelle!B117 -> 67581 | K8: =Tabelle!G91 -> 19396.73
A9: 2024 | B9: 8 | C9: MP2 | D9: 10.52 | E9: 7880 | H9: =Tabelle!F118 -> 0.3047 | J9: =Tabelle!B118 -> 44796 | K9: =Tabelle!G92 -> 13651.04
A10: 2024 | B10: 9 | C10: MP2 | D10: 149.08 | E10: 97414 | H10: =Tabelle!F119 -> 0.2904 | J10: =Tabelle!B119 -> 52599 | K10: =Tabelle!G93 -> 15277.15
A11: 2024 | B11: 10 | C11: MP2 | D11: 184.18 | E11: 155866 | H11: =Tabelle!F120 -> 0.2856 | J11: =Tabelle!B120 -> 54362 | K11: =Tabelle!G94 -> 15523.99
A12: 2024 | B12: 11 | C12: MP2 | D12: =Tabelle!V20 -> 219.3 | E12: =Tabelle!V36 -> 112802 | F12: =Tabelle!V4 -> 3279.01 | H12: =Tabelle!F121 -> 0.307 | I12: =F12*H12 -> 1006.6561 | J12: =Tabelle!B121 -> 64157 | K12: =Tabelle!G95 -> 19751.41
A13: 2024 | B13: 12 | C13: MP2 | D13: =Tabelle!V21 -> 34 | E13: =Tabelle!V37 -> 23098 | F13: =Tabelle!V5 -> 837.75 | H13: =Tabelle!F122 -> 0.331 | I13: =F13*H13 -> 277.29525 | J13: =Tabelle!B122 -> 51593 | K13: =Tabelle!G96 -> 17063.94
A14: 2025 | B14: 1 | C14: MP2 | D14: =Tabelle!V22 -> 0 | E14: =Tabelle!V38 -> 0 | F14: =Tabelle!V6 -> 104.89 | H14: =Tabelle!F123 -> 0.335 | I14: =F14*H14 -> 35.13815 | J14: =Tabelle!B123 -> 61904 | K14: =Tabelle!G97 -> 20875.39
A15: 2025 | B15: 2 | C15: MP2 | D15: =Tabelle!V23 -> 0 | E15: =Tabelle!V39 -> 0 | F15: =Tabelle!V7 -> 56.18 | H15: =Tabelle!F124 -> 0.334 | I15: =F15*H15 -> 18.76412 | J15: =Tabelle!B124 -> 60366 | K15: =Tabelle!G98 -> 20173.7
A16: 2025 | B16: 3 | C16: MP2 | D16: =Tabelle!V24 -> 0 | E16: =Tabelle!V40 -> 0 | F16: =Tabelle!V8 -> 0.87 | H16: =Tabelle!F125 -> 0.286 | I16: =F16*H16 -> 0.24882 | J16: =Tabelle!B125 -> 58209 | K16: =Tabelle!G99 -> 16648.58
A17: 2025 | B17: 4 | C17: MP2 | D17: =Tabelle!V25 -> 45.8 | E17: =Tabelle!V41 -> 25650 | F17: =Tabelle!V9 -> 1078.5 | H17: =Tabelle!F126 -> 0.2655 | I17: =F17*H17 -> 286.34175 | J17: =Tabelle!B126 -> 41269 | K17: =Tabelle!G100 -> 10956.7
A18: 2025 | B18: 5 | C18: MP2 | D18: =Tabelle!V26 -> 0 | E18: =Tabelle!V42 -> 0 | F18: =Tabelle!V10 -> 0 | H18: =Tabelle!F127 -> 0.2575 | I18: =F18*H18 -> 0 | J18: =Tabelle!B127 -> 30809 | K18: =Tabelle!G101 -> 7932.95
A19: 2025 | B19: 6 | C19: MP2 | D19: =Tabelle!V27 -> 25.7 | E19: =Tabelle!V43 -> 16860 | F19: =Tabelle!V11 -> 825.58 | H19: =Tabelle!F128 -> 0.355 | I19: =F19*H19 -> 293.0809 | J19: =Tabelle!B128 -> 33644 | K19: =Tabelle!G102 -> 11949.42
A20: 2025 | B20: 7 | C20: MP2 | D20: =Tabelle!V28 -> 67.3 | E20: =Tabelle!V44 -> 45000 | F20: =Tabelle!V12 -> 1413.66 | H20: =Tabelle!F129 -> 0.296 | I20: =F20*H20 -> 418.44336 | J20: =Tabelle!B129 -> 51483 | K20: =Tabelle!G103 -> 15262.33
A21: 2025 | B21: 8 | C21: MP2 | D21: =Tabelle!V29 -> 0 | E21: =Tabelle!V45 -> 0 | F21: =Tabelle!V13 -> 0 | H21: =Tabelle!F130 -> 0.3268 | I21: =F21*H21 -> 0 | J21: =Tabelle!B130 -> 17650 | K21: =Tabelle!G104 -> 5768.63
A22: 2025 | B22: 9 | C22: MP2 | D22: =Tabelle!V30 -> 22.11 | E22: =Tabelle!V46 -> 12791 | F22: =Tabelle!V14 -> 1235.63 | H22: =Tabelle!F131 -> 0.2732 | I22: =F22*H22 -> 337.57412 | J22: =Tabelle!B131 -> 47214 | K22: =Tabelle!G105 -> 12897.86
A23: 2025 | B23: 10 | C23: MP2 | D23: =Tabelle!V31 -> 12.99 | E23: =Tabelle!V47 -> 8566 | F23: =Tabelle!V15 -> 2166.34 | H23: =Tabelle!F132 -> 0.2134 | I23: =F23*H23 -> 462.29696 | J23: =Tabelle!B132 -> 47533 | K23: =Tabelle!G106 -> 13101.09
A24: 2025 | B24: 11 | C24: MP2 | H24: =Tabelle!F133 -> 0.2261 | J24: =Tabelle!B133 -> 50662 | K24: =Tabelle!G111 -> 0
A25: 2025 | B25: 12 | C25: MP2 | H25: =Tabelle!F134 -> 0 | J25: =Tabelle!B134 -> 0 | K25: =Tabelle!G112 -> 0

Sheet MP3
A1: anno | B1: mese | C1: macchina o impianto | D1: ore produzione macchina | E1: pezzi prodotti | F1: consumo | G1: lettura | H1: costo energia | I1: costo macchina | J1: consumo da bolletta | K1: totale bolletta
A2: 2024 | B2: 1 | C2: MP3 | D2: 0 | E2: 0 | H2: =Tabelle!F111 -> 0.2557 | J2: =Tabelle!B111 -> 64934 | K2: =Tabelle!G85 -> 16601.39
A3: 2024 | B3: 2 | C3: MP3 | D3: 61.58 | E3: 22568 | H3: =Tabelle!F112 -> 0.2378 | J3: =Tabelle!B112 -> 71197 | K3: =Tabelle!G86 -> 16934
A4: 2024 | B4: 3 | C4: MP3 | D4: 41.16 | E4: 16740 | H4: =Tabelle!F113 -> 0.2428 | J4: =Tabelle!B113 -> 51152 | K4: =Tabelle!G87 -> 12419.74
A5: 2024 | B5: 4 | C5: MP3 | D5: 397.27 | E5: 13662 | H5: =Tabelle!F114 -> 0.2416 | J5: =Tabelle!B114 -> 45316 | K5: =Tabelle!G88 -> 10948.47
A6: 2024 | B6: 5 | C6: MP3 | D6: 62.07 | E6: 24810 | H6: =Tabelle!F115 -> 0.2507 | J6: =Tabelle!B115 -> 51330 | K6: =Tabelle!G89 -> 12868.58
A7: 2024 | B7: 6 | C7: MP3 | D7: 6.62 | E7: 2300 | H7: =Tabelle!F116 -> 0.2722 | J7: =Tabelle!B116 -> 42151 | K7: =Tabelle!G90 -> 11473.9
A8: 2024 | B8: 7 | C8: MP3 | D8: 59.08 | E8: 24981 | H8: =Tabelle!F117 -> 0.287 | J8: =Tabelle!B117 -> 67581 | K8: =Tabelle!G91 -> 19396.73
A9: 2024 | B9: 8 | C9: MP3 | D9: 12.04 | E9: 4397 | H9: =Tabelle!F118 -> 0.3047 | J9: =Tabelle!B118 -> 44796 | K9: =Tabelle!G92 -> 13651.04
A10: 2024 | B10: 9 | C10: MP3 | D10: 68.21 | E10: 33366 | H10: =Tabelle!F119 -> 0.2904 | J10: =Tabelle!B119 -> 52599 | K10: =Tabelle!G93 -> 15277.15
A11: 2024 | B11: 10 | C11: MP3 | D11: 65.07 | E11: 36002 | H11: =Tabelle!F120 -> 0.2856 | J11: =Tabelle!B120 -> 54362 | K11: =Tabelle!G94 -> 15523.99
A12: 2024 | B12: 11 | C12: MP3 | D12: =Tabelle!W20 -> 50.9 | E12: =Tabelle!W36 -> 13035 | F12: =Tabelle!W4 -> 907.76 | H12: =Tabelle!F121 -> 0.307 | I12: =F12*H12 -> 278.68232 | J12: =Tabelle!B121 -> 64157 | K12: =Tabelle!G95 -> 19751.41
A13: 2024 | B13: 12 | C13: MP3 | D13: =Tabelle!W21 -> 23.7 | E13: =Tabelle!W37 -> 10080 | F13: =Tabelle!W5 -> 499.04 | H13: =Tabelle!F122 -> 0.331 | I13: =F13*H13 -> 165.18224 | J13: =Tabelle!B122 -> 51593 | K13: =Tabelle!G96 -> 17063.94
A14: 2025 | B14: 1 | C14: MP3 | D14: =Tabelle!W22 -> 11.9 | E14: =Tabelle!W38 -> 4740 | F14: =Tabelle!W6 -> 432.51 | H14: =Tabelle!F123 -> 0.335 | I14: =F14*H14 -> 144.89085 | J14: =Tabelle!B123 -> 61904 | K14: =Tabelle!G97 -> 20875.39
A15: 2025 | B15: 2 | C15: MP3 | D15: =Tabelle!W23 -> 11.7 | E15: =Tabelle!W39 -> 3784 | F15: =Tabelle!W7 -> 47.15 | H15: =Tabelle!F124 -> 0.334 | I15: =F15*H15 -> 15.7481 | J15: =Tabelle!B124 -> 60366 | K15: =Tabelle!G98 -> 20173.7
A16: 2025 | B16: 3 | C16: MP3 | D16: =Tabelle!W24 -> 82.1 | E16: =Tabelle!W40 -> 32736 | F16: =Tabelle!W8 -> 2041.06 | H16: =Tabelle!F125 -> 0.286 | I16: =F16*H16 -> 583.74316 | J16: =Tabelle!B125 -> 58209 | K16: =Tabelle!G99 -> 16648.58
A17: 2025 | B17: 4 | C17: MP3 | D17: =Tabelle!W25 -> 95.1 | E17: =Tabelle!W41 -> 40772 | F17: =Tabelle!W9 -> 1771.95 | H17: =Tabelle!F126 -> 0.2655 | I17: =F17*H17 -> 470.45272 | J17: =Tabelle!B126 -> 41269 | K17: =Tabelle!G100 -> 10956.7
A18: 2025 | B18: 5 | C18: MP3 | D18: =Tabelle!W26 -> 62.5 | E18: =Tabelle!W42 -> 37888 | F18: =Tabelle!W10 -> 1398.26 | H18: =Tabelle!F127 -> 0.2575 | I18: =F18*H18 -> 360.05195 | J18: =Tabelle!B127 -> 30809 | K18: =Tabelle!G101 -> 7932.95
A19: 2025 | B19: 6 | C19: MP3 | D19: =Tabelle!W27 -> 0 | E19: =Tabelle!W43 -> 0 | F19: =Tabelle!W11 -> 0 | H19: =Tabelle!F128 -> 0.355 | I19: =F19*H19 -> 0 | J19: =Tabelle!B128 -> 33644 | K19: =Tabelle!G102 -> 11949.42
A20: 2025 | B20: 7 | C20: MP3 | D20: =Tabelle!W28 -> 0 | E20: =Tabelle!W44 -> 0 | F20: =Tabelle!W12 -> 0 | H20: =Tabelle!F129 -> 0.296 | I20: =F20*H20 -> 0 | J20: =Tabelle!B129 -> 51483 | K20: =Tabelle!G103 -> 15262.33
A21: 2025 | B21: 8 | C21: MP3 | D21: =Tabelle!W29 -> 0 | E21: =Tabelle!W45 -> 0 | F21: =Tabelle!W13 -> 0 | H21: =Tabelle!F130 -> 0.3268 | I21: =F21*H21 -> 0 | J21: =Tabelle!B130 -> 17650 | K21: =Tabelle!G104 -> 5768.63
A22: 2025 | B22: 9 | C22: MP3 | D22: =Tabelle!W30 -> 0 | E22: =Tabelle!W46 -> 0 | F22: =Tabelle!W14 -> 0 | H22: =Tabelle!F131 -> 0.2732 | I22: =F22*H22 -> 0 | J22: =Tabelle!B131 -> 47214 | K22: =Tabelle!G105 -> 12897.86
A23: 2025 | B23: 10 | C23: MP3 | D23: =Tabelle!W31 -> 0 | E23: =Tabelle!W47 -> 0 | F23: =Tabelle!W15 -> 0 | H23: =Tabelle!F132 -> 0.2134 | I23: =F23*H23 -> 0 | J23: =Tabelle!B132 -> 47533 | K23: =Tabelle!G106 -> 13101.09
A24: 2025 | B24: 11 | C24: MP3 | H24: =Tabelle!F133 -> 0.2261 | J24: =Tabelle!B133 -> 50662 | K24: =Tabelle!G111 -> 0
A25: 2025 | B25: 12 | C25: MP3 | H25: =Tabelle!F134 -> 0 | J25: =Tabelle!B134 -> 0 | K25: =Tabelle!G112 -> 0

Sheet MP4
A1: anno | B1: mese | C1: macchina o impianto | D1: ore produzione macchina | E1: pezzi prodotti | F1: consumo | G1: lettura | H1: costo energia | I1: costo macchina | J1: consumo da bolletta | K1: totale bolletta
A2: 2024 | B2: 1 | C2: MP4 | D2: 67.45 | E2: 27440 | H2: =Tabelle!F111 -> 0.2557 | J2: =Tabelle!B111 -> 64934 | K2: =Tabelle!G85 -> 16601.39
A3: 2024 | B3: 2 | C3: MP4 | D3: 76.26 | E3: 27066 | H3: =Tabelle!F112 -> 0.2378 | J3: =Tabelle!B112 -> 71197 | K3: =Tabelle!G86 -> 16934
A4: 2024 | B4: 3 | C4: MP4 | D4: 0 | E4: 0 | H4: =Tabelle!F113 -> 0.2428 | J4: =Tabelle!B113 -> 51152 | K4: =Tabelle!G87 -> 12419.74
A5: 2024 | B5: 4 | C5: MP4 | D5: 66.19 | E5: 22850 | H5: =Tabelle!F114 -> 0.2416 | J5: =Tabelle!B114 -> 45316 | K5: =Tabelle!G88 -> 10948.47
A6: 2024 | B6: 5 | C6: MP4 | D6: 145.04 | E6: 54107 | H6: =Tabelle!F115 -> 0.2507 | J6: =Tabelle!B115 -> 51330 | K6: =Tabelle!G89 -> 12868.58
A7: 2024 | B7: 6 | C7: MP4 | D7: 71.97 | E7: 30860 | H7: =Tabelle!F116 -> 0.2722 | J7: =Tabelle!B116 -> 42151 | K7: =Tabelle!G90 -> 11473.9
A8: 2024 | B8: 7 | C8: MP4 | D8: 3.46 | E8: 1856 | H8: =Tabelle!F117 -> 0.287 | J8: =Tabelle!B117 -> 67581 | K8: =Tabelle!G91 -> 19396.73
A9: 2024 | B9: 8 | C9: MP4 | D9: 76.2 | E9: 24832 | H9: =Tabelle!F118 -> 0.3047 | J9: =Tabelle!B118 -> 44796 | K9: =Tabelle!G92 -> 13651.04
A10: 2024 | B10: 9 | C10: MP4 | D10: 12.63 | E10: 5432 | H10: =Tabelle!F119 -> 0.2904 | J10: =Tabelle!B119 -> 52599 | K10: =Tabelle!G93 -> 15277.15
A11: 2024 | B11: 10 | C11: MP4 | D11: 60.25 | E11: 25350 | H11: =Tabelle!F120 -> 0.2856 | J11: =Tabelle!B120 -> 54362 | K11: =Tabelle!G94 -> 15523.99
A12: 2024 | B12: 11 | C12: MP4 | D12: =Tabelle!X20 -> 7.4 | E12: =Tabelle!X36 -> 3692 | F12: =Tabelle!X4 -> 366.49 | H12: =Tabelle!F121 -> 0.307 | I12: =F12*H12 -> 112.51243 | J12: =Tabelle!B121 -> 64157 | K12: =Tabelle!G95 -> 19751.41
A13: 2024 | B13: 12 | C13: MP4 | D13: =Tabelle!X21 -> 65.2 | E13: =Tabelle!X37 -> 29070 | F13: =Tabelle!X5 -> 1437.77 | H13: =Tabelle!F122 -> 0.331 | I13: =F13*H13 -> 475.90187 | J13: =Tabelle!B122 -> 51593 | K13: =Tabelle!G96 -> 17063.94
A14: 2025 | B14: 1 | C14: MP4 | D14: =Tabelle!X22 -> 71.8 | E14: =Tabelle!X38 -> 29246 | F14: =Tabelle!X6 -> 1463.98 | H14: =Tabelle!F123 -> 0.335 | I14: =F14*H14 -> 490.4333 | J14: =Tabelle!B123 -> 61904 | K14: =Tabelle!G97 -> 20875.39
A15: 2025 | B15: 2 | C15: MP4 | D15: =Tabelle!X23 -> 70.5 | E15: =Tabelle!X39 -> 29300 | F15: =Tabelle!X7 -> 1474.88 | H15: =Tabelle!F124 -> 0.334 | I15: =F15*H15 -> 492.60992 | J15: =Tabelle!B124 -> 60366 | K15: =Tabelle!G98 -> 20173.7
A16: 2025 | B16: 3 | C16: MP4 | D16: =Tabelle!X24 -> 116.5 | E16: =Tabelle!X40 -> 44827 | F16: =Tabelle!X8 -> 2375.76 | H16: =Tabelle!F125 -> 0.286 | I16: =F16*H16 -> 679.46736 | J16: =Tabelle!B125 -> 58209 | K16: =Tabelle!G99 -> 16648.58
A17: 2025 | B17: 4 | C17: MP4 | D17: =Tabelle!X25 -> 76.7 | E17: =Tabelle!X41 -> 28171 | F17: =Tabelle!X9 -> 1423.97 | H17: =Tabelle!F126 -> 0.2655 | I17: =F17*H17 -> 378.06403 | J17: =Tabelle!B126 -> 41269 | K17: =Tabelle!G100 -> 10956.7
A18: 2025 | B18: 5 | C18: MP4 | D18: =Tabelle!X26 -> 0 | E18: =Tabelle!X42 -> 0 | F18: =Tabelle!X10 -> 0 | H18: =Tabelle!F127 -> 0.2575 | I18: =F18*H18 -> 0 | J18: =Tabelle!B127 -> 30809 | K18: =Tabelle!G101 -> 7932.95
A19: 2025 | B19: 6 | C19: MP4 | D19: =Tabelle!X27 -> 0 | E19: =Tabelle!X43 -> 0 | F19: =Tabelle!X11 -> 0 | H19: =Tabelle!F128 -> 0.355 | I19: =F19*H19 -> 0 | J19: =Tabelle!B128 -> 33644 | K19: =Tabelle!G102 -> 11949.42
A20: 2025 | B20: 7 | C20: MP4 | D20: =Tabelle!X28 -> 0 | E20: =Tabelle!X44 -> 0 | F20: =Tabelle!X12 -> 0 | H20: =Tabelle!F129 -> 0.296 | I20: =F20*H20 -> 0 | J20: =Tabelle!B129 -> 51483 | K20: =Tabelle!G103 -> 15262.33
A21: 2025 | B21: 8 | C21: MP4 | D21: =Tabelle!X29 -> 0 | E21: =Tabelle!X45 -> 0 | F21: =Tabelle!X13 -> 0 | H21: =Tabelle!F130 -> 0.3268 | I21: =F21*H21 -> 0 | J21: =Tabelle!B130 -> 17650 | K21: =Tabelle!G104 -> 5768.63
A22: 2025 | B22: 9 | C22: MP4 | D22: =Tabelle!X30 -> 0 | E22: =Tabelle!X46 -> 0 | F22: =Tabelle!X14 -> 0 | H22: =Tabelle!F131 -> 0.2732 | I22: =F22*H22 -> 0 | J22: =Tabelle!B131 -> 47214 | K22: =Tabelle!G105 -> 12897.86
A23: 2025 | B23: 10 | C23: MP4 | D23: =Tabelle!X31 -> 0 | E23: =Tabelle!X47 -> 0 | F23: =Tabelle!X15 -> 0 | H23: =Tabelle!F132 -> 0.2134 | I23: =F23*H23 -> 0 | J23: =Tabelle!B132 -> 47533 | K23: =Tabelle!G106 -> 13101.09
A24: 2025 | B24: 11 | C24: MP4 | H24: =Tabelle!F133 -> 0.2261 | J24: =Tabelle!B133 -> 50662 | K24: =Tabelle!G111 -> 0
A25: 2025 | B25: 12 | C25: MP4 | H25: =Tabelle!F134 -> 0 | J25: =Tabelle!B134 -> 0 | K25: =Tabelle!G112 -> 0

Sheet SERCAM
A1: anno | B1: mese | C1: macchina o impianto | D1: ore produzione macchina | E1: pezzi prodotti | F1: consumo | G1: lettura | H1: costo energia | I1: costo macchina | J1: consumo da bolletta | K1: totale bolletta
A2: 2024 | B2: 1 | C2: SERCAM | H2: =Tabelle!F111 -> 0.2557 | J2: =Tabelle!B111 -> 64934 | K2: =Tabelle!G85 -> 16601.39
A3: 2024 | B3: 2 | C3: SERCAM | H3: =Tabelle!F112 -> 0.2378 | J3: =Tabelle!B112 -> 71197 | K3: =Tabelle!G86 -> 16934
A4: 2024 | B4: 3 | C4: SERCAM | H4: =Tabelle!F113 -> 0.2428 | J4: =Tabelle!B113 -> 51152 | K4: =Tabelle!G87 -> 12419.74
A5: 2024 | B5: 4 | C5: SERCAM | H5: =Tabelle!F114 -> 0.2416 | J5: =Tabelle!B114 -> 45316 | K5: =Tabelle!G88 -> 10948.47
A6: 2024 | B6: 5 | C6: SERCAM | H6: =Tabelle!F115 -> 0.2507 | J6: =Tabelle!B115 -> 51330 | K6: =Tabelle!G89 -> 12868.58
A7: 2024 | B7: 6 | C7: SERCAM | H7: =Tabelle!F116 -> 0.2722 | J7: =Tabelle!B116 -> 42151 | K7: =Tabelle!G90 -> 11473.9
A8: 2024 | B8: 7 | C8: SERCAM | H8: =Tabelle!F117 -> 0.287 | J8: =Tabelle!B117 -> 67581 | K8: =Tabelle!G91 -> 19396.73
A9: 2024 | B9: 8 | C9: SERCAM | H9: =Tabelle!F118 -> 0.3047 | J9: =Tabelle!B118 -> 44796 | K9: =Tabelle!G92 -> 13651.04
A10: 2024 | B10: 9 | C10: SERCAM | H10: =Tabelle!F119 -> 0.2904 | J10: =Tabelle!B119 -> 52599 | K10: =Tabelle!G93 -> 15277.15
A11: 2024 | B11: 10 | C11: SERCAM | D11: 0.01 | E11: 7 | H11: =Tabelle!F120 -> 0.2856 | J11: =Tabelle!B120 -> 54362 | K11: =Tabelle!G94 -> 15523.99
A12: 2024 | B12: 11 | C12: SERCAM | H12: =Tabelle!F121 -> 0.307 | I12: =F12*H12 -> 0 | J12: =Tabelle!B121 -> 64157 | K12: =Tabelle!G95 -> 19751.41
A13: 2024 | B13: 12 | C13: SERCAM | H13: =Tabelle!F122 -> 0.331 | I13: =F13*H13 -> 0 | J13: =Tabelle!B122 -> 51593 | K13: =Tabelle!G96 -> 17063.94
A14: 2025 | B14: 1 | C14: SERCAM | H14: =Tabelle!F123 -> 0.335 | I14: =F14*H14 -> 0 | J14: =Tabelle!B123 -> 61904 | K14: =Tabelle!G97 -> 20875.39
A15: 2025 | B15: 2 | C15: SERCAM | H15: =Tabelle!F124 -> 0.334 | I15: =F15*H15 -> 0 | J15: =Tabelle!B124 -> 60366 | K15: =Tabelle!G98 -> 20173.7
A16: 2025 | B16: 3 | C16: SERCAM | H16: =Tabelle!F125 -> 0.286 | I16: =F16*H16 -> 0 | J16: =Tabelle!B125 -> 58209 | K16: =Tabelle!G99 -> 16648.58
A17: 2025 | B17: 4 | C17: SERCAM | H17: =Tabelle!F126 -> 0.2655 | I17: =F17*H17 -> 0 | J17: =Tabelle!B126 -> 41269 | K17: =Tabelle!G100 -> 10956.7
A18: 2025 | B18: 5 | C18: SERCAM | H18: =Tabelle!F127 -> 0.2575 | I18: =F18*H18 -> 0 | J18: =Tabelle!B127 -> 30809 | K18: =Tabelle!G101 -> 7932.95
A19: 2025 | B19: 6 | C19: SERCAM | H19: =Tabelle!F128 -> 0.355 | I19: =F19*H19 -> 0 | J19: =Tabelle!B128 -> 33644 | K19: =Tabelle!G102 -> 11949.42
A20: 2025 | B20: 7 | C20: SERCAM | H20: =Tabelle!F129 -> 0.296 | I20: =F20*H20 -> 0 | J20: =Tabelle!B129 -> 51483 | K20: =Tabelle!G103 -> 15262.33
A21: 2025 | B21: 8 | C21: SERCAM | H21: =Tabelle!F130 -> 0.3268 | I21: =F21*H21 -> 0 | J21: =Tabelle!B130 -> 17650 | K21: =Tabelle!G104 -> 5768.63
A22: 2025 | B22: 9 | C22: SERCAM | D22: 0 | E22: 0 | H22: =Tabelle!F131 -> 0.2732 | J22: =Tabelle!B131 -> 47214 | K22: =Tabelle!G108 -> 0
A23: 2025 | B23: 10 | C23: SERCAM | D23: 0 | E23: 0 | H23: =Tabelle!F132 -> 0.2134 | J23: =Tabelle!B132 -> 47533 | K23: =Tabelle!G110 -> 0
A24: 2025 | B24: 11 | C24: SERCAM | H24: =Tabelle!F133 -> 0.2261 | J24: =Tabelle!B133 -> 50662 | K24: =Tabelle!G111 -> 0
A25: 2025 | B25: 12 | C25: SERCAM | H25: =Tabelle!F134 -> 0 | J25: =Tabelle!B134 -> 0 | K25: =Tabelle!G112 -> 0

Sheet TMPM2
A1: anno | B1: mese | C1: macchina o impianto | D1: ore produzione macchina | E1: pezzi prodotti | F1: consumo | G1: lettura | H1: costo energia | I1: costo macchina | J1: consumo da bolletta | K1: totale bolletta
A2: 2024 | B2: 1 | C2: TMPM2 | D2: 39.27 | E2: 11077 | H2: =Tabelle!F111 -> 0.2557 | J2: =Tabelle!B111 -> 64934 | K2: =Tabelle!G85 -> 16601.39
A3: 2024 | B3: 2 | C3: TMPM2 | D3: 19 | E3: 5625 | H3: =Tabelle!F112 -> 0.2378 | J3: =Tabelle!B112 -> 71197 | K3: =Tabelle!G86 -> 16934
A4: 2024 | B4: 3 | C4: TMPM2 | D4: 157.46 | E4: 30131 | H4: =Tabelle!F113 -> 0.2428 | J4: =Tabelle!B113 -> 51152 | K4: =Tabelle!G87 -> 12419.74
A5: 2024 | B5: 4 | C5: TMPM2 | D5: 78.11 | E5: 25849 | H5: =Tabelle!F114 -> 0.2416 | J5: =Tabelle!B114 -> 45316 | K5: =Tabelle!G88 -> 10948.47
A6: 2024 | B6: 5 | C6: TMPM2 | D6: 178.81 | E6: 25824 | H6: =Tabelle!F115 -> 0.2507 | J6: =Tabelle!B115 -> 51330 | K6: =Tabelle!G89 -> 12868.58
A7: 2024 | B7: 6 | C7: TMPM2 | D7: 7.35 | E7: 2632 | H7: =Tabelle!F116 -> 0.2722 | J7: =Tabelle!B116 -> 42151 | K7: =Tabelle!G90 -> 11473.9
A8: 2024 | B8: 7 | C8: TMPM2 | D8: 112.09 | E8: 32609 | H8: =Tabelle!F117 -> 0.287 | J8: =Tabelle!B117 -> 67581 | K8: =Tabelle!G91 -> 19396.73
A9: 2024 | B9: 8 | C9: TMPM2 | D9: 21.29 | E9: 3856 | H9: =Tabelle!F118 -> 0.3047 | J9: =Tabelle!B118 -> 44796 | K9: =Tabelle!G92 -> 13651.04
A10: 2024 | B10: 9 | C10: TMPM2 | D10: 0 | E10: 0 | H10: =Tabelle!F119 -> 0.2904 | J10: =Tabelle!B119 -> 52599 | K10: =Tabelle!G93 -> 15277.15
A11: 2024 | B11: 10 | C11: TMPM2 | D11: 0 | E11: 0 | H11: =Tabelle!F120 -> 0.2856 | J11: =Tabelle!B120 -> 54362 | K11: =Tabelle!G94 -> 15523.99
A12: 2024 | B12: 11 | C12: TMPM2 | D12: =Tabelle!Z20 -> 6.2 | E12: =Tabelle!Z36 -> 952 | F12: =Tabelle!Z4 -> 22.83 | H12: =Tabelle!F121 -> 0.307 | I12: =F12*H12 -> 7.00881 | J12: =Tabelle!B121 -> 64157 | K12: =Tabelle!G95 -> 19751.41
A13: 2024 | B13: 12 | C13: TMPM2 | D13: =Tabelle!Z21 -> 107.1 | E13: =Tabelle!Z37 -> 25238 | F13: =Tabelle!Z5 -> 28.35 | H13: =Tabelle!F122 -> 0.331 | I13: =F13*H13 -> 9.38385 | J13: =Tabelle!B122 -> 51593 | K13: =Tabelle!G96 -> 17063.94
A14: 2025 | B14: 1 | C14: TMPM2 | D14: =Tabelle!Z22 -> 0 | E14: =Tabelle!Z38 -> 0 | F14: =Tabelle!Z6 -> 1.74 | H14: =Tabelle!F123 -> 0.335 | I14: =F14*H14 -> 0.5829 | J14: =Tabelle!B123 -> 61904 | K14: =Tabelle!G97 -> 20875.39
A15: 2025 | B15: 2 | C15: TMPM2 | D15: =Tabelle!Z23 -> 0 | E15: =Tabelle!Z39 -> 0 | F15: =Tabelle!Z7 -> 1.69 | H15: =Tabelle!F124 -> 0.334 | I15: =F15*H15 -> 0.56446 | J15: =Tabelle!B124 -> 60366 | K15: =Tabelle!G98 -> 20173.7
A16: 2025 | B16: 3 | C16: TMPM2 | D16: =Tabelle!Z24 -> 0 | E16: =Tabelle!Z40 -> 0 | F16: =Tabelle!Z8 -> 2.7 | H16: =Tabelle!F125 -> 0.286 | I16: =F16*H16 -> 0.7722 | J16: =Tabelle!B125 -> 58209 | K16: =Tabelle!G99 -> 16648.58
A17: 2025 | B17: 4 | C17: TMPM2 | D17: =Tabelle!Z25 -> 40.4 | E17: =Tabelle!Z41 -> 5772 | F17: =Tabelle!Z9 -> 16.48 | H17: =Tabelle!F126 -> 0.2655 | I17: =F17*H17 -> 4.37544 | J17: =Tabelle!B126 -> 41269 | K17: =Tabelle!G100 -> 10956.7
A18: 2025 | B18: 5 | C18: TMPM2 | D18: =Tabelle!Z26 -> 22.2 | E18: =Tabelle!Z42 -> 10809 | F18: =Tabelle!Z10 -> 7 | H18: =Tabelle!F127 -> 0.2575 | I18: =F18*H18 -> 1.8025 | J18: =Tabelle!B127 -> 30809 | K18: =Tabelle!G101 -> 7932.95
A19: 2025 | B19: 6 | C19: TMPM2 | D19: =Tabelle!Z27 -> 0 | E19: =Tabelle!Z43 -> 0 | F19: =Tabelle!Z11 -> 1.64 | H19: =Tabelle!F128 -> 0.355 | I19: =F19*H19 -> 0.5822 | J19: =Tabelle!B128 -> 33644 | K19: =Tabelle!G102 -> 11949.42
A20: 2025 | B20: 7 | C20: TMPM2 | D20: =Tabelle!Z28 -> 0 | E20: =Tabelle!Z44 -> 0 | F20: =Tabelle!Z12 -> 2.07 | H20: =Tabelle!F129 -> 0.296 | I20: =F20*H20 -> 0.61272 | J20: =Tabelle!B129 -> 51483 | K20: =Tabelle!G103 -> 15262.33
A21: 2025 | B21: 8 | C21: TMPM2 | D21: =Tabelle!Z29 -> 0 | E21: =Tabelle!Z45 -> 0 | F21: =Tabelle!Z13 -> 0.36 | H21: =Tabelle!F130 -> 0.3268 | I21: =F21*H21 -> 0.117648 | J21: =Tabelle!B130 -> 17650 | K21: =Tabelle!G104 -> 5768.63
A22: 2025 | B22: 9 | C22: TMPM2 | D22: =Tabelle!Z30 -> 0 | E22: =Tabelle!Z46 -> 0 | F22: =Tabelle!Z14 -> 1.54 | H22: =Tabelle!F131 -> 0.2732 | I22: =F22*H22 -> 0.420728 | J22: =Tabelle!B131 -> 47214 | K22: =Tabelle!G105 -> 12897.86
A23: 2025 | B23: 10 | C23: TMPM2 | D23: =Tabelle!Z31 -> 0 | E23: =Tabelle!Z47 -> 0 | F23: =Tabelle!Z15 -> 2.04 | H23: =Tabelle!F132 -> 0.2134 | I23: =F23*H23 -> 0.435336 | J23: =Tabelle!B132 -> 47533 | K23: =Tabelle!G106 -> 13101.09
A24: 2025 | B24: 11 | C24: TMPM2 | H24: =Tabelle!F133 -> 0.2261 | J24: =Tabelle!B133 -> 50662 | K24: =Tabelle!G111 -> 0
A25: 2025 | B25: 12 | C25: TMPM2 | H25: =Tabelle!F134 -> 0 | J25: =Tabelle!B134 -> 0 | K25: =Tabelle!G112 -> 0

Sheet TMPMA2
A1: anno | B1: mese | C1: macchina o impianto | D1: ore produzione macchina | E1: pezzi prodotti | F1: consumo | G1: lettura | H1: costo energia | I1: costo macchina | J1: consumo da bolletta | K1: totale bolletta
A2: 2024 | B2: 1 | C2: TMPMA2 | D2: 0 | E2: 0 | H2: =Tabelle!F111 -> 0.2557 | J2: =Tabelle!B111 -> 64934 | K2: =Tabelle!G85 -> 16601.39
A3: 2024 | B3: 2 | C3: TMPMA2 | D3: 0 | E3: 0 | H3: =Tabelle!F112 -> 0.2378 | J3: =Tabelle!B112 -> 71197 | K3: =Tabelle!G86 -> 16934
A4: 2024 | B4: 3 | C4: TMPMA2 | D4: 31.5 | E4: 8776 | H4: =Tabelle!F113 -> 0.2428 | J4: =Tabelle!B113 -> 51152 | K4: =Tabelle!G87 -> 12419.74
A5: 2024 | B5: 4 | C5: TMPMA2 | D5: 59.14 | E5: 17533 | H5: =Tabelle!F114 -> 0.2416 | J5: =Tabelle!B114 -> 45316 | K5: =Tabelle!G88 -> 10948.47
A6: 2024 | B6: 5 | C6: TMPMA2 | D6: 0 | E6: 0 | H6: =Tabelle!F115 -> 0.2507 | J6: =Tabelle!B115 -> 51330 | K6: =Tabelle!G89 -> 12868.58
A7: 2024 | B7: 6 | C7: TMPMA2 | D7: 23.68 | E7: 8650 | H7: =Tabelle!F116 -> 0.2722 | J7: =Tabelle!B116 -> 42151 | K7: =Tabelle!G90 -> 11473.9
A8: 2024 | B8: 7 | C8: TMPMA2 | D8: 92.83 | E8: 33000 | H8: =Tabelle!F117 -> 0.287 | J8: =Tabelle!B117 -> 67581 | K8: =Tabelle!G91 -> 19396.73
A9: 2024 | B9: 8 | C9: TMPMA2 | D9: 0 | E9: 0 | H9: =Tabelle!F118 -> 0.3047 | J9: =Tabelle!B118 -> 44796 | K9: =Tabelle!G92 -> 13651.04
A10: 2024 | B10: 9 | C10: TMPMA2 | D10: 20.83 | E10: 4500 | H10: =Tabelle!F119 -> 0.2904 | J10: =Tabelle!B119 -> 52599 | K10: =Tabelle!G93 -> 15277.15
A11: 2024 | B11: 10 | C11: TMPMA2 | D11: 5.2 | E11: 1970 | H11: =Tabelle!F120 -> 0.2856 | J11: =Tabelle!B120 -> 54362 | K11: =Tabelle!G94 -> 15523.99
A12: 2024 | B12: 11 | C12: TMPMA2 | H12: =Tabelle!F121 -> 0.307 | I12: =F12*H12 -> 0 | J12: =Tabelle!B121 -> 64157 | K12: =Tabelle!G95 -> 19751.41
A13: 2024 | B13: 12 | C13: TMPMA2 | H13: =Tabelle!F122 -> 0.331 | I13: =F13*H13 -> 0 | J13: =Tabelle!B122 -> 51593 | K13: =Tabelle!G96 -> 17063.94
A14: 2025 | B14: 1 | C14: TMPMA2 | H14: =Tabelle!F123 -> 0.335 | I14: =F14*H14 -> 0 | J14: =Tabelle!B123 -> 61904 | K14: =Tabelle!G97 -> 20875.39
A15: 2025 | B15: 2 | C15: TMPMA2 | H15: =Tabelle!F124 -> 0.334 | I15: =F15*H15 -> 0 | J15: =Tabelle!B124 -> 60366 | K15: =Tabelle!G98 -> 20173.7
A16: 2025 | B16: 3 | C16: TMPMA2 | H16: =Tabelle!F125 -> 0.286 | I16: =F16*H16 -> 0 | J16: =Tabelle!B125 -> 58209 | K16: =Tabelle!G99 -> 16648.58
A17: 2025 | B17: 4 | C17: TMPMA2 | H17: =Tabelle!F126 -> 0.2655 | I17: =F17*H17 -> 0 | J17: =Tabelle!B126 -> 41269 | K17: =Tabelle!G100 -> 10956.7
A18: 2025 | B18: 5 | C18: TMPMA2 | H18: =Tabelle!F127 -> 0.2575 | I18: =F18*H18 -> 0 | J18: =Tabelle!B127 -> 30809 | K18: =Tabelle!G101 -> 7932.95
A19: 2025 | B19: 6 | C19: TMPMA2 | H19: =Tabelle!F128 -> 0.355 | I19: =F19*H19 -> 0 | J19: =Tabelle!B128 -> 33644 | K19: =Tabelle!G102 -> 11949.42
A20: 2025 | B20: 7 | C20: TMPMA2 | H20: =Tabelle!F129 -> 0.296 | I20: =F20*H20 -> 0 | J20: =Tabelle!B129 -> 51483 | K20: =Tabelle!G103 -> 15262.33
A21: 2025 | B21: 8 | C21: TMPMA2 | H21: =Tabelle!F130 -> 0.3268 | I21: =F21*H21 -> 0 | J21: =Tabelle!B130 -> 17650 | K21: =Tabelle!G104 -> 5768.63
A22: 2025 | B22: 9 | C22: TMPMA2 | D22: 0 | E22: 0 | H22: =Tabelle!F131 -> 0.2732 | J22: =Tabelle!B131 -> 47214 | K22: =Tabelle!G108 -> 0
A23: 2025 | B23: 10 | C23: TMPMA2 | D23: 0 | E23: 0 | H23: =Tabelle!F132 -> 0.2134 | J23: =Tabelle!B132 -> 47533 | K23: =Tabelle!G110 -> 0
A24: 2025 | B24: 11 | C24: TMPMA2 | H24: =Tabelle!F133 -> 0.2261 | J24: =Tabelle!B133 -> 50662 | K24: =Tabelle!G111 -> 0
A25: 2025 | B25: 12 | C25: TMPMA2 | H25: =Tabelle!F134 -> 0 | J25: =Tabelle!B134 -> 0 | K25: =Tabelle!G112 -> 0

Sheet TROV
A1: anno | B1: mese | C1: macchina o impianto | D1: ore produzione macchina | E1: pezzi prodotti | F1: consumo | G1: lettura | H1: costo energia | I1: costo macchina | J1: consumo da bolletta | K1: totale bolletta
A2: 2024 | B2: 1 | C2: TROV | D2: 29.92 | E2: 4000 | H2: =Tabelle!F111 -> 0.2557 | J2: =Tabelle!B111 -> 64934 | K2: =Tabelle!G85 -> 16601.39
A3: 2024 | B3: 2 | C3: TROV | D3: 43 | E3: 51840 | H3: =Tabelle!F112 -> 0.2378 | J3: =Tabelle!B112 -> 71197 | K3: =Tabelle!G86 -> 16934
A4: 2024 | B4: 3 | C4: TROV | D4: 171.23 | E4: 45252 | H4: =Tabelle!F113 -> 0.2428 | J4: =Tabelle!B113 -> 51152 | K4: =Tabelle!G87 -> 12419.74
A5: 2024 | B5: 4 | C5: TROV | D5: 196.26 | E5: 92812 | H5: =Tabelle!F114 -> 0.2416 | J5: =Tabelle!B114 -> 45316 | K5: =Tabelle!G88 -> 10948.47
A6: 2024 | B6: 5 | C6: TROV | D6: 172.31 | E6: 116091 | H6: =Tabelle!F115 -> 0.2507 | J6: =Tabelle!B115 -> 51330 | K6: =Tabelle!G89 -> 12868.58
A7: 2024 | B7: 6 | C7: TROV | D7: 77.91 | E7: 53400 | H7: =Tabelle!F116 -> 0.2722 | J7: =Tabelle!B116 -> 42151 | K7: =Tabelle!G90 -> 11473.9
A8: 2024 | B8: 7 | C8: TROV | D8: 148.85 | E8: 62642 | H8: =Tabelle!F117 -> 0.287 | J8: =Tabelle!B117 -> 67581 | K8: =Tabelle!G91 -> 19396.73
A9: 2024 | B9: 8 | C9: TROV | D9: 111.53 | E9: 68332 | H9: =Tabelle!F118 -> 0.3047 | J9: =Tabelle!B118 -> 44796 | K9: =Tabelle!G92 -> 13651.04
A10: 2024 | B10: 9 | C10: TROV | D10: 43.69 | E10: 23528 | H10: =Tabelle!F119 -> 0.2904 | J10: =Tabelle!B119 -> 52599 | K10: =Tabelle!G93 -> 15277.15
A11: 2024 | B11: 10 | C11: TROV | D11: 91.06 | E11: 52681 | H11: =Tabelle!F120 -> 0.2856 | J11: =Tabelle!B120 -> 54362 | K11: =Tabelle!G94 -> 15523.99
A12: 2024 | B12: 11 | C12: TROV | D12: =Tabelle!AB20 -> 96.7 | E12: =Tabelle!AB36 -> 62726 | F12: =Tabelle!AB4 -> 534.46 | H12: =Tabelle!F121 -> 0.307 | I12: =F12*H12 -> 164.07922 | J12: =Tabelle!B121 -> 64157 | K12: =Tabelle!G95 -> 19751.41
A13: 2024 | B13: 12 | C13: TROV | D13: =Tabelle!AB21 -> 72.1 | E13: =Tabelle!AB37 -> 30052 | F13: =Tabelle!AB5 -> 365.86 | H13: =Tabelle!F122 -> 0.331 | I13: =F13*H13 -> 121.09966 | J13: =Tabelle!B122 -> 51593 | K13: =Tabelle!G96 -> 17063.94
A14: 2025 | B14: 1 | C14: TROV | D14: =Tabelle!AB22 -> 60.2 | E14: =Tabelle!AB38 -> 33464 | F14: =Tabelle!AB6 -> 354.55 | H14: =Tabelle!F123 -> 0.335 | I14: =F14*H14 -> 118.77425 | J14: =Tabelle!B123 -> 61904 | K14: =Tabelle!G97 -> 20875.39
A15: 2025 | B15: 2 | C15: TROV | D15: =Tabelle!AB23 -> 87.3 | E15: =Tabelle!AB39 -> 49428 | F15: =Tabelle!AB7 -> 478.04 | H15: =Tabelle!F124 -> 0.334 | I15: =F15*H15 -> 159.66536 | J15: =Tabelle!B124 -> 60366 | K15: =Tabelle!G98 -> 20173.7
A16: 2025 | B16: 3 | C16: TROV | D16: =Tabelle!AB24 -> 83.4 | E16: =Tabelle!AB40 -> 54715 | F16: =Tabelle!AB8 -> 491.07 | H16: =Tabelle!F125 -> 0.286 | I16: =F16*H16 -> 140.44602 | J16: =Tabelle!B125 -> 58209 | K16: =Tabelle!G99 -> 16648.58
A17: 2025 | B17: 4 | C17: TROV | D17: =Tabelle!AB25 -> 93.2 | E17: =Tabelle!AB41 -> 66697 | F17: =Tabelle!AB9 -> 526.98 | H17: =Tabelle!F126 -> 0.2655 | I17: =F17*H17 -> 139.91319 | J17: =Tabelle!B126 -> 41269 | K17: =Tabelle!G100 -> 10956.7
A18: 2025 | B18: 5 | C18: TROV | D18: =Tabelle!AB26 -> 68.5 | E18: =Tabelle!AB42 -> 28642 | F18: =Tabelle!AB10 -> 288.94 | H18: =Tabelle!F127 -> 0.2575 | I18: =F18*H18 -> 74.40205 | J18: =Tabelle!B127 -> 30809 | K18: =Tabelle!G101 -> 7932.95
A19: 2025 | B19: 6 | C19: TROV | D19: =Tabelle!AB27 -> 367.4 | E19: =Tabelle!AB43 -> 7844 | F19: =Tabelle!AB11 -> 72.52 | H19: =Tabelle!F128 -> 0.355 | I19: =F19*H19 -> 25.7446 | J19: =Tabelle!B128 -> 33644 | K19: =Tabelle!G102 -> 11949.42
A20: 2025 | B20: 7 | C20: TROV | D20: =Tabelle!AB28 -> 5.2 | E20: =Tabelle!AB44 -> 2000 | F20: =Tabelle!AB12 -> 45.53 | H20: =Tabelle!F129 -> 0.296 | I20: =F20*H20 -> 13.47688 | J20: =Tabelle!B129 -> 51483 | K20: =Tabelle!G103 -> 15262.33
A21: 2025 | B21: 8 | C21: TROV | D21: =Tabelle!AB29 -> 2.83 | E21: =Tabelle!AB45 -> 2266 | F21: =Tabelle!AB13 -> 16.06 | H21: =Tabelle!F130 -> 0.3268 | I21: =F21*H21 -> 5.248408 | J21: =Tabelle!B130 -> 17650 | K21: =Tabelle!G104 -> 5768.63
A22: 2025 | B22: 9 | C22: TROV | D22: =Tabelle!AB30 -> 9.03 | E22: =Tabelle!AB46 -> 5308 | F22: =Tabelle!AB14 -> 113.23 | H22: =Tabelle!F131 -> 0.2732 | I22: =F22*H22 -> 30.934436 | J22: =Tabelle!B131 -> 47214 | K22: =Tabelle!G108 -> 0
A23: 2025 | B23: 10 | C23: TROV | D23: =Tabelle!AB31 -> 0 | E23: =Tabelle!AB47 -> 0 | F23: =Tabelle!AB15 -> 294.76 | H23: =Tabelle!F132 -> 0.2134 | I23: =F23*H23 -> 62.901784 | J23: =Tabelle!B132 -> 47533 | K23: =Tabelle!G110 -> 0
A24: 2025 | B24: 11 | C24: TROV | H24: =Tabelle!F133 -> 0.2261 | I24: =F24*H24 -> 0 | J24: =Tabelle!B133 -> 50662 | K24: =Tabelle!G111 -> 0
A25: 2025 | B25: 12 | C25: TROV | H25: =Tabelle!F134 -> 0 | I25: =F25*H25 -> 0 | J25: =Tabelle!B134 -> 0 | K25: =Tabelle!G112 -> 0

Sheet COMPRESSORI
A1: anno | B1: mese | C1: macchina o impianto | D1: ore produzione macchina | E1: pezzi prodotti | F1: consumo | G1: lettura | H1: costo energia | I1: costo macchina | J1: consumo da bolletta | K1: totale bolletta
A2: 2024 | B2: 1 | C2: COMPRESSORI | H2: =Tabelle!F111 -> 0.2557 | J2: =Tabelle!B111 -> 64934 | K2: =Tabelle!G85 -> 16601.39
A3: 2024 | B3: 2 | C3: COMPRESSORI | H3: =Tabelle!F112 -> 0.2378 | J3: =Tabelle!B112 -> 71197 | K3: =Tabelle!G86 -> 16934
A4: 2024 | B4: 3 | C4: COMPRESSORI | H4: =Tabelle!F113 -> 0.2428 | J4: =Tabelle!B113 -> 51152 | K4: =Tabelle!G87 -> 12419.74
A5: 2024 | B5: 4 | C5: COMPRESSORI | H5: =Tabelle!F114 -> 0.2416 | J5: =Tabelle!B114 -> 45316 | K5: =Tabelle!G88 -> 10948.47
A6: 2024 | B6: 5 | C6: COMPRESSORI | H6: =Tabelle!F115 -> 0.2507 | J6: =Tabelle!B115 -> 51330 | K6: =Tabelle!G89 -> 12868.58
A7: 2024 | B7: 6 | C7: COMPRESSORI | H7: =Tabelle!F116 -> 0.2722 | J7: =Tabelle!B116 -> 42151 | K7: =Tabelle!G90 -> 11473.9
A8: 2024 | B8: 7 | C8: COMPRESSORI | H8: =Tabelle!F117 -> 0.287 | J8: =Tabelle!B117 -> 67581 | K8: =Tabelle!G91 -> 19396.73
A9: 2024 | B9: 8 | C9: COMPRESSORI | H9: =Tabelle!F118 -> 0.3047 | J9: =Tabelle!B118 -> 44796 | K9: =Tabelle!G92 -> 13651.04
A10: 2024 | B10: 9 | C10: COMPRESSORI | H10: =Tabelle!F119 -> 0.2904 | J10: =Tabelle!B119 -> 52599 | K10: =Tabelle!G93 -> 15277.15
A11: 2024 | B11: 10 | C11: COMPRESSORI | H11: =Tabelle!F120 -> 0.2856 | J11: =Tabelle!B120 -> 54362 | K11: =Tabelle!G94 -> 15523.99
A12: 2024 | B12: 11 | C12: COMPRESSORI | F12: 10989.38 | G12: 10989.38 | H12: =Tabelle!F121 -> 0.307 | I12: =G12*H12 -> 3373.7397 | J12: =Tabelle!B121 -> 64157 | K12: =Tabelle!G95 -> 19751.41
A13: 2024 | B13: 12 | C13: COMPRESSORI | F13: 8629.26 | G13: 8629.26 | H13: =Tabelle!F122 -> 0.331 | I13: =G13*H13 -> 2856.2851 | J13: =Tabelle!B122 -> 51593 | K13: =Tabelle!G96 -> 17063.94
A14: 2025 | B14: 1 | C14: COMPRESSORI | F14: 8829.13 | G14: 8829.13 | H14: =Tabelle!F123 -> 0.335 | I14: =G14*H14 -> 2957.7586 | J14: =Tabelle!B123 -> 61904 | K14: =Tabelle!G97 -> 20875.39
A15: 2025 | B15: 2 | C15: COMPRESSORI | F15: 9123.83 | G15: 9123.83 | H15: =Tabelle!F124 -> 0.334 | I15: =G15*H15 -> 3047.3592 | J15: =Tabelle!B124 -> 60366 | K15: =Tabelle!G98 -> 20173.7
A16: 2025 | B16: 3 | C16: COMPRESSORI | F16: 10190.92 | G16: 10190.92 | H16: =Tabelle!F125 -> 0.286 | I16: =G16*H16 -> 2914.6031 | J16: =Tabelle!B125 -> 58209 | K16: =Tabelle!G99 -> 16648.58
A17: 2025 | B17: 4 | C17: COMPRESSORI | F17: 8605.77 | G17: 8605.77 | H17: =Tabelle!F126 -> 0.2655 | I17: =G17*H17 -> 2284.8319 | J17: =Tabelle!B126 -> 41269 | K17: =Tabelle!G100 -> 10956.7
A18: 2025 | B18: 5 | C18: COMPRESSORI | F18: 5978.01 | G18: 5978.01 | H18: =Tabelle!F127 -> 0.2575 | I18: =G18*H18 -> 1539.3376 | J18: =Tabelle!B127 -> 30809 | K18: =Tabelle!G101 -> 7932.95
A19: 2025 | B19: 6 | C19: COMPRESSORI | F19: 6205.54 | G19: 6205.54 | H19: =Tabelle!F128 -> 0.355 | I19: =G19*H19 -> 2202.9667 | J19: =Tabelle!B128 -> 33644 | K19: =Tabelle!G102 -> 11949.42
A20: 2025 | B20: 7 | C20: COMPRESSORI | F20: 6000 | G20: 6000 | H20: =Tabelle!F129 -> 0.296 | I20: =G20*H20 -> 1776 | J20: =Tabelle!B129 -> 51483 | K20: =Tabelle!G103 -> 15262.33 | L20: stima
A21: 2025 | B21: 8 | C21: COMPRESSORI | F21: 6000 | G21: 6000 | H21: =Tabelle!F130 -> 0.3268 | I21: =G21*H21 -> 1960.8 | J21: =Tabelle!B130 -> 17650 | K21: =Tabelle!G104 -> 5768.63
A22: 2025 | B22: 9 | C22: COMPRESSORI | F22: 6000 | G22: 6000 | H22: =Tabelle!F131 -> 0.2732 | I22: =G22*H22 -> 1639.2 | J22: =Tabelle!B131 -> 47214 | K22: =Tabelle!G108 -> 0
A23: 2025 | B23: 10 | C23: COMPRESSORI | F23: 6000 | G23: 6000 | H23: =Tabelle!F132 -> 0.2134 | I23: =G23*H23 -> 1280.4 | J23: =Tabelle!B132 -> 47533 | K23: =Tabelle!G110 -> 0
A24: 2025 | B24: 11 | C24: COMPRESSORI | H24: =Tabelle!F133 -> 0.2261 | J24: =Tabelle!B133 -> 50662 | K24: =Tabelle!G111 -> 0
A25: 2025 | B25: 12 | C25: COMPRESSORI | H25: =Tabelle!F134 -> 0 | J25: =Tabelle!B134 -> 0 | K25: =Tabelle!G112 -> 0

Sheet Tabelle
A1: ENERGIA VETRONAVIGLIO
A3: CONSUMO kWh Macchina Vetronaviglio | B3: F01 | C3: F02 | D3: F03 | E3: F04 | F3: F05 | G3: F06 | H3: F07 | I3: F08 | J3: F09 | K3: F10 | L3: F11 | M3: ISOLA1 | N3: M1030 | O3: M1050 | P3: MG5 | Q3: MG6 | R3: MG7 | S3: MG8 | T3: MMAN | U3: MP1 | V3: MP2 | W3: MP3 | X3: MP4 | Y3: ASS1 SYCMA | Z3: TMPM2_TMPMI | AA3: TMPMA1 | AB3: TROV
A4: 45597 | B4: 745.92 | C4: 511.15 | D4: 931.35 | E4: 243.97 | F4: 1109.48 | G4: 1373.24 | H4: 1496.8 | I4: 835.77 | J4: 449.71 | K4: 889.11 | L4: 686.86 | M4: 199.43 | N4: 1682.52 | O4: 1.54 | P4: 300.96 | Q4: 1071.04 | R4: 934.72 | S4: 466.64 | T4: 1673.1 | U4: 64.75 | V4: 3279.01 | W4: 907.76 | X4: 366.49 | Y4: 66.33 | Z4: 22.83 | AA4: 0.01 | AB4: 534.46
A5: 45627 | B5: 312.14 | C5: 357.13 | D5: 138.46 | E5: 836.27 | F5: 727.99 | G5: 597.15 | H5: 1222.84 | I5: 578.67 | J5: 164.26 | K5: 289.65 | L5: 380.23 | M5: 64.6 | N5: 889.24 | O5: 1.84 | P5: 602.5 | Q5: 888.67 | R5: 395.78 | S5: 307.31 | T5: 892.37 | U5: 36.83 | V5: 837.75 | W5: 499.04 | X5: 1437.77 | Y5: 38.64 | Z5: 28.35 | AA5: 0 | AB5: 365.86
A6: 45658 | B6: 428.89 | C6: 502.77 | D6: 562.68 | E6: 1220.5 | F6: 966.37 | G6: 824.66 | H6: 828.56 | I6: 910.71 | J6: 135.3 | K6: 580.88 | L6: 485.73 | M6: 85.99 | N6: 917.49 | O6: 0 | P6: 255.76 | Q6: 1432.46 | R6: 1069.29 | S6: 788.06 | T6: 1509.09 | U6: 1193.38 | V6: 104.89 | W6: 432.51 | X6: 1463.98 | Y6: 55.34 | Z6: 1.74 | AA6: 0.73 | AB6: 354.55
A7: 45689 | B7: 492.78 | C7: 286.44 | D7: 838.13 | E7: 838.96 | F7: 768.65 | G7: 747.68 | H7: 644.72 | I7: 770.35 | J7: 341.64 | K7: 920.21 | L7: 627.37 | M7: 42.1 | N7: 810.1 | O7: 0 | P7: 466.13 | Q7: 1260.74 | R7: 1530.02 | S7: 477.22 | T7: 2323.88 | U7: 1507.61 | V7: 56.18 | W7: 47.15 | X7: 1474.88 | Y7: 64.14 | Z7: 1.69 | AA7: 0 | AB7: 478.04
A8: 45717 | B8: 407.33 | C8: 402.32 | D8: 740.02 | E8: 1330.61 | F8: 1248.24 | G8: 1177.48 | H8: 1169.04 | I8: 1060.23 | J8: 401.27 | K8: 1017.88 | L8: 650.34 | M8: 112.05 | N8: 1276.28 | O8: 0 | P8: 325.22 | Q8: 1940.01 | R8: 299.4 | S8: 934.26 | T8: 1366.18 | U8: 0 | V8: 0.87 | W8: 2041.06 | X8: 2375.76 | Y8: 52.57 | Z8: 2.7 | AA8: 0 | AB8: 491.07
A9: 45748 | B9: 339.18 | C9: 398.69 | D9: 742.47 | E9: 566.89 | F9: 1022.11 | G9: 728.78 | H9: 911.76 | I9: 824.31 | J9: 375.39 | K9: 1182.44 | L9: 598.43 | M9: 123.66 | N9: 1183.17 | O9: 25.71 | P9: 83.39 | Q9: 1086.83 | R9: 83.37 | S9: 233.36 | T9: 831.13 | U9: 0 | V9: 1078.5 | W9: 1771.95 | X9: 1423.97 | Y9: 35.27 | Z9: 16.48 | AA9: 0 | AB9: 526.98
A10: 45778 | B10: 253.47 | C10: 66.4 | D10: 78.85 | E10: 460.46 | F10: 1035.31 | G10: 1032.12 | H10: 341.74 | I10: 586.48 | J10: 23.6 | K10: 610.53 | L10: 484.79 | M10: 47.18 | N10: 668.7 | O10: 18.31 | P10: 382.11 | Q10: 923.16 | R10: 64.7 | S10: 470.67 | T10: 320.41 | U10: 0 | V10: 0 | W10: 1398.26 | X10: 0 | Y10: 36.76 | Z10: 7 | AA10: 0 | AB10: 288.94
A11: 45809 | B11: 97.44 | C11: 146.03 | D11: 99.57 | E11: 1011.51 | F11: 658.19 | G11: 551.61 | H11: 711.03 | I11: 840.06 | J11: 159.25 | K11: 132.48 | L11: 550.08 | M11: 62.42 | N11: 938.47 | O11: 0 | P11: 583.36 | Q11: 1403.14 | R11: 42.13 | S11: 217.32 | T11: 473.18 | U11: 0 | V11: 825.58 | W11: 0 | X11: 0 | Y11: 0 | Z11: 1.64 | AA11: 0 | AB11: 72.52
A12: 45839 | B12: 448.6 | C12: 538.77 | D12: 622.53 | E12: 1784 | F12: 1172.1 | G12: 446.96 | H12: 601.34 | I12: 1044.72 | J12: 262.42 | K12: 905.03 | L12: 770.29 | M12: 249.28 | N12: 906.32 | O12: 0 | P12: 296.83 | Q12: 1518.73 | R12: 53.4 | S12: 618.55 | T12: 27.59 | U12: 0 | V12: 1413.66 | W12: 0 | X12: 0 | Y12: 0 | Z12: 2.07 | AA12: 40.43 | AB12: 45.53
A13: 45870 | B13: 4.05 | C13: 163.2 | D13: 24.93 | E13: 363.29 | F13: 211.58 | G13: 113.36 | H13: 238.85 | I13: 7.18 | J13: 76.19 | K13: 8.82 | L13: 110.57 | M13: 4.5 | N13: 224.48 | O13: 0 | P13: 152.79 | Q13: 697.35 | R13: 19.63 | S13: 312.66 | T13: 130.53 | U13: 0 | V13: 0 | W13: 0 | X13: 0 | Y13: 0 | Z13: 0.36 | AA13: 6.87 | AB13: 16.06
A14: 45901 | B14: 179.22 | C14: 746.4 | D14: 786.97 | E14: 752.92 | F14: 1024.98 | G14: 672.85 | H14: 1110.88 | I14: 0 | J14: 293.54 | K14: 553.54 | L14: 0 | M14: 3.53 | N14: 676.06 | O14: 0 | P14: 450.66 | Q14: 2729.53 | R14: 533.69 | S14: 841.55 | T14: 433.03 | U14: 0 | V14: 1235.63 | W14: 0 | X14: 0 | Y14: 66.99 | Z14: 1.54 | AA14: 21.86 | AB14: 113.23
A15: 45931 | B15: 477.62 | C15: 800.61 | D15: 401.65 | E15: 935.37 | F15: 445.95 | G15: 897.53 | H15: 959.77 | I15: 0 | J15: 39.77 | K15: 722.6 | L15: 0 | M15: 0 | N15: 481.51 | O15: 0 | P15: 433.92 | Q15: 1593.54 | R15: 1456.08 | S15: 673.09 | T15: 173.13 | U15: 0 | V15: 2166.34 | W15: 0 | X15: 0 | Y15: 36.42 | Z15: 2.04 | AA15: 68.26 | AB15: 294.76
A16: 45962 | B16: 146.25 | C16: 352.09 | D16: 956.93 | E16: 1032.71 | F16: 499.49 | G16: 1142.61 | H16: 958.8 | I16: 0 | J16: 344.93 | K16: 283.35 | L16: 0 | M16: 89.44 | N16: 546.28 | O16: 52.03 | P16: 401.22 | Q16: 1407.88 | R16: 1016.13 | S16: 911.07 | T16: 513.08 | U16: 0 | V16: 2179.06 | W16: 0 | X16: 0 | Y16: 58.04 | Z16: 9.81 | AA16: 8.2 | AB16: 126.13
A17: 46204 | R17: 2720.09 | V17: 3556.41
A19: Ore macchina di lavoro | B19: F01 | C19: F02 | D19: F03 | E19: F04 | F19: F05 | G19: F06 | H19: F07 | I19: F08 | J19: F09 | K19: F10 | L19: F11 | M19: ISOLA1 | N19: M1030 | O19: M1050 | P19: MG5 | Q19: MG6 | R19: MG7 | S19: MG8 | T19: MMAN | U19: MP1 | V19: MP2 | W19: MP3 | X19: MP4 | Y19: ASS1 SYCMA | Z19: TMPM2_TMPMI | AA19: TMPMA1 | AB19: TROV
A20: 45597 | B20: 200 | C20: 103.3 | D20: 100.6 | E20: 9.6 | F20: 86.7 | G20: 145.9 | H20: 175.2 | I20: 121.9 | J20: 50.7 | K20: 55.1 | L20: 300.7 | M20: 100.3 | N20: 112.6 | O20: 0 | P20: 167 | Q20: 170.5 | R20: 45.7 | S20: 59.8 | T20: 159.6 | U20: 0 | V20: 219.3 | W20: 50.9 | X20: 7.4 | Y20: 130.2 | Z20: 6.2 | AA20: 0 | AB20: 96.7
A21: 45627 | B21: 59.3 | C21: 89.7 | D21: 18.7 | E21: 99.3 | F21: 49.9 | G21: 61 | H21: 103.7 | I21: 72 | J21: 12.4 | K21: 2.1 | L21: 120.3 | M21: 29.1 | N21: 48.2 | O21: 0 | P21: 313.3 | Q21: 54.1 | R21: 21.1 | S21: 28.8 | T21: 62.9 | U21: 0 | V21: 34 | W21: 23.7 | X21: 65.2 | Y21: 70.15 | Z21: 107.1 | AA21: 0 | AB21: 72.1
A22: 45658 | B22: 129.8 | C22: 99.7 | D22: 112.5 | E22: 112.9 | F22: 50.2 | G22: 96 | H22: 130.7 | I22: 147.6 | J22: 2.3 | K22: 31.5 | L22: 209.8 | M22: 33.6 | N22: 92.6 | O22: 0 | P22: 83.8 | Q22: 106.1 | R22: 72.6 | S22: 111.7 | T22: 141.2 | U22: 36.8 | V22: 0 | W22: 11.9 | X22: 71.8 | Y22: 182.2 | Z22: 0 | AA22: 0 | AB22: 60.2
A23: 45689 | B23: 153.8 | C23: 77.6 | D23: 137.8 | E23: 129 | F23: 214.2 | G23: 66.9 | H23: 39.5 | I23: 37.1 | J23: 64.1 | K23: 92.6 | L23: 277 | M23: 20.4 | N23: 67.7 | O23: 0 | P23: 164.4 | Q23: 58.3 | R23: 180.6 | S23: 18.1 | T23: 202 | U23: 69.6 | V23: 0 | W23: 11.7 | X23: 70.5 | Y23: 127.5 | Z23: 0 | AA23: 0 | AB23: 87.3
A24: 45717 | B24: 94.6 | C24: 53.7 | D24: 80.1 | E24: 193.5 | F24: 278.1 | G24: 202.5 | H24: 74.3 | I24: 77.5 | J24: 99.4 | K24: 79.9 | L24: 259.4 | M24: 110.7 | N24: 83.2 | O24: 0 | P24: 67.3 | Q24: 117 | R24: 0 | S24: 78.5 | T24: 115.5 | U24: 0 | V24: 0 | W24: 82.1 | X24: 116.5 | Y24: 116.1 | Z24: 0 | AA24: 0 | AB24: 83.4
A25: 45748 | B25: 84.6 | C25: 108.4 | D25: 167.4 | E25: 27.1 | F25: 43 | G25: 124.6 | H25: 47.6 | I25: 70.6 | J25: 66 | K25: 164.8 | L25: 243.6 | M25: 105.6 | N25: 135.5 | O25: 0 | P25: 26.5 | Q25: 80.9 | R25: 0 | S25: 0 | T25: 48.3 | U25: 0 | V25: 45.8 | W25: 95.1 | X25: 76.7 | Y25: 67.9 | Z25: 40.4 | AA25: 0 | AB25: 93.2
A26: 45778 | B26: 135.2 | C26: 2.2 | D26: 4.4 | E26: 22.7 | F26: 66 | G26: 116.7 | H26: 0 | I26: 58.7 | J26: 0 | K26: 52.2 | L26: 244.8 | M26: 31 | N26: 38.5 | O26: 0 | P26: 122.3 | Q26: 61.4 | R26: 0 | S26: 53.8 | T26: 6.5 | U26: 0 | V26: 0 | W26: 62.5 | X26: 0 | Y26: 74.4 | Z26: 22.2 | AA26: 0 | AB26: 68.5
A27: 45809 | B27: 18.2 | C27: 15.8 | D27: 21.1 | E27: 66.8 | F27: 30.6 | G27: 51.6 | H27: 47.1 | I27: 83.5 | J27: 19.5 | K27: 6.5 | L27: 239.3 | M27: 28.2 | N27: 45.6 | O27: 0 | P27: 257.3 | Q27: 118.2 | R27: 0 | S27: 10.6 | T27: 0 | U27: 0 | V27: 25.7 | W27: 0 | X27: 0 | Y27: 35 | Z27: 0 | AA27: 0 | AB27: 367.4
A28: 45839 | B28: 173.2 | C28: 115.1 | D28: 113 | E28: 201.7 | F28: 72.5 | G28: 32.6 | H28: 56.1 | I28: 131.1 | J28: 57.8 | K28: 150.1 | L28: 335.9 | M28: 145.4 | N28: 50.6 | O28: 0 | P28: 82 | Q28: 107.8 | R28: 0 | S28: 52.3 | T28: 0 | U28: 0 | V28: 67.3 | W28: 0 | X28: 0 | Y28: 95.4 | Z28: 0 | AA28: 0 | AB28: 5.2
A29: 45870 | B29: 0 | C29: 59.62 | D29: 0 | E29: 18.37 | F29: 20.61 | G29: 2.08 | H29: 53.68 | I29: 0 | J29: 8.56 | K29: 0 | L29: 43.05 | M29: 0 | N29: 14.56 | O29: 0 | P29: 58.05 | Q29: 70.04 | R29: 0 | S29: 32.94 | T29: 17.82 | U29: 0 | V29: 0 | W29: 0 | X29: 0 | Y29: 6.11 | Z29: 0 | AA29: 0 | AB29: 2.83
A30: 45901 | B30: 40.05 | C30: 287.77 | D30: 115.01 | E30: 53.02 | F30: 30.81 | G30: 78.24 | H30: 220.84 | I30: 0 | J30: 25.67 | K30: 110.88 | L30: 0 | M30: 0 | N30: 37.98 | O30: 0 | P30: 157.72 | Q30: 245.35 | R30: 18.71 | S30: 87.86 | T30: 68.19 | U30: 0 | V30: 22.11 | W30: 0 | X30: 0 | Y30: 128.79 | Z30: 0 | AA30: 0 | AB30: 9.03
A31: 45931 | B31: 40.92 | C31: 72.31 | D31: 4.04 | E31: 19.01 | F31: 0 | G31: 60.92 | H31: 26.5 | I31: 0 | J31: 0 | K31: 0 | L31: 0 | M31: 0 | N31: 3.08 | O31: 0 | P31: 48.67 | Q31: 39.54 | R31: 10.44 | S31: 0 | T31: 0 | U31: 0 | V31: 12.99 | W31: 0 | X31: 0 | Y31: 0 | Z31: 0 | AA31: 0 | AB31: 0
... A33: 46204 | B33: 0 | C33: 296.4 | D33: 0 | E33: 305 | F33: 0 | G33: 0 | H33: 0 | I33: 0 | J33: 0 | K33: 0 | L33: 0 | M33: 0 | N33: 70.7 | O33: 0 | P33: 419.4 | Q33: 0 | R33: 252.5 | S33: 95.1 | T33: 50.4 | U33: 0 | V33: 246.6 | W33: 0 | X33: 0 | Y33: 0 | Z33: 0 | AA33: 0 | AB33: 126
A35: Quantità prodotta | B35: F01 | C35: F02 | D35: F03 | E35: F04 | F35: F05 | G35: F06 | H35: F07 | I35: F08 | J35: F09 | K35: F10 | L35: F11 | M35: ISOLA1 | N35: M1030 | O35: M1050 | P35: MG5 | Q35: MG6 | R35: MG7 | S35: MG8 | T35: MMAN | U35: MP1 | V35: MP2 | W35: MP3 | X35: MP4 | Y35: ASS1 SYCMA | Z35: TMPM2_TMPMI | AA35: TMPMA1 | AB35: TROV
A36: 45597 | B36: 85000 | C36: 15405 | D36: 71217 | E36: 6000 | F36: 80240 | G36: 67158 | H36: 86620 | I36: 31407 | J36: 23463 | K36: 31023 | L36: 119234 | M36: 80847 | N36: 151631 | O36: 0 | P36: 39163 | Q36: 20105 | R36: 16163 | S36: 13260 | T36: 18477 | U36: 0 | V36: 112802 | W36: 13035 | X36: 3692 | Y36: 86845 | Z36: 952 | AA36: 17994 | AB36: 62726
A37: 45627 | B37: 49458 | C37: 100138 | D37: 7167 | E37: 50921 | F37: 62800 | G37: 26980 | H37: 60888 | I37: 48221 | J37: 3993 | K37: 2616 | L37: 36466 | M37: 26098 | N37: 62172 | O37: 0 | P37: 106394 | Q37: 18252 | R37: 9100 | S37: 6188 | T37: 21006 | U37: 0 | V37: 23098 | W37: 10080 | X37: 29070 | Y37: 37100 | Z37: 25238 | AA37: 3994 | AB37: 30052
A38: 45658 | B38: 81089 | C38: 6278 | D38: 32200 | E38: 99119 | F38: 56800 | G38: 41000 | H38: 35268 | I38: 67400 | J38: 9 | K38: 8619 | L38: 62417 | M38: 36485 | N38: 122346 | O38: 0 | P38: 33385 | Q38: 40745 | R38: 20219 | S38: 25438 | T38: 23440 | U38: 16048 | V38: 0 | W38: 4740 | X38: 29246 | Y38: 0 | Z38: 0 | AA38: 0 | AB38: 33464
A39: 45689 | B39: 90790 | C39: 41985 | D39: 57200 | E39: 90878 | F39: 7216 | G39: 21616 | H39: 10207 | I39: 23510 | J39: 36009 | K39: 29278 | L39: 96598 | M39: 15760 | N39: 80711 | O39: 0 | P39: 50236 | Q39: 23470 | R39: 29367 | S39: 2223 | T39: 38160 | U39: 28795 | V39: 0 | W39: 3784 | X39: 29300 | Y39: 0 | Z39: 0 | AA39: 0 | AB39: 49428
A40: 45717 | B40: 82524 | C40: 36925 | D40: 46789 | E40: 182385 | F40: 66544 | G40: 40006 | H40: 36000 | I40: 11300 | J40: 22178 | K40: 33501 | L40: 83238 | M40: 86910 | N40: 99845 | O40: 0 | P40: 21941 | Q40: 43809 | R40: 0 | S40: 11680 | T40: 13390 | U40: 0 | V40: 0 | W40: 32736 | X40: 44827 | Y40: 0 | Z40: 0 | AA40: 0 | AB40: 54715
A41: 45748 | B41: 89516 | C41: 19510 | D41: 36400 | E41: 22558 | F41: 44400 | G41: 22826 | H41: 26552 | I41: 15552 | J41: 16806 | K41: 70944 | L41: 86947 | M41: 129675 | N41: 72022 | O41: 0 | P41: 9251 | Q41: 26090 | R41: 0 | S41: 1 | T41: 15990 | U41: 0 | V41: 25650 | W41: 40772 | X41: 28171 | Y41: 0 | Z41: 5772 | AA41: 13268 | AB41: 66697
A42: 45778 | B42: 36500 | C42: 500 | D42: 1303 | E42: 13000 | F42: 45988 | G42: 44200 | H42: 0 | I42: 11985 | K42: 29403 | L42: 72060 | M42: 45169 | N42: 41672 | O42: 0 | P42: 49539 | Q42: 22280 | R42: 0 | S42: 13306 | T42: 6160 | U42: 0 | V42: 0 | W42: 37888 | X42: 0 | Y42: 0 | Z42: 10809 | AA42: 0 | AB42: 28642
A43: 45809 | B43: 20900 | C43: 4484 | D43: 12400 | E43: 36424 | F43: 25456 | G43: 33550 | H43: 14836 | I43: 14828 | J43: 13125 | K43: 4800 | L43: 83892 | M43: 29781 | N43: 48181 | O43: 0 | P43: 96390 | Q43: 53907 | R43: 0 | S43: 3176 | T43: 0 | U43: 0 | V43: 16860 | W43: 0 | X43: 0 | Y43: 0 | Z43: 0 | AA43: 0 | AB43: 7844
A44: 45839 | B44: 197200 | C44: 51000 | D44: 79954 | E44: 124631 | F44: 85935 | G44: 41334 | H44: 46226 | I44: 115922 | J44: 18000 | K44: 33092 | L44: 114871 | M44: 136744 | N44: 53004 | O44: 0 | P44: 24626 | Q44: 41601 | R44: 0 | S44: 10511 | T44: 0 | U44: 0 | V44: 45000 | W44: 0 | X44: 0 | Y44: 0 | Z44: 0 | AA44: 0 | AB44: 2000
A45: 45870 | B45: 0 | C45: 35441 | D45: 0 | E45: 9065 | F45: 18480 | G45: 200 | H45: 51700 | I45: 0 | J45: 5000 | K45: 0 | L45: 15723 | M45: 0 | N45: 16100 | O45: 0 | P45: 18480 | Q45: 32592 | R45: 0 | S45: 6472 | T45: 2126 | U45: 0 | V45: 0 | W45: 0 | X45: 0 | Y45: 5236 | Z45: 0 | AA45: 0 | AB45: 2266
A46: 45901 | B46: 16300 | C46: 112280 | D46: 88600 | E46: 44000 | F46: 33648 | G46: 52692 | H46: 174681 | I46: 0 | J46: 18360 | K46: 11782 | L46: 0 | M46: 0 | N46: 39691 | O46: 0 | P46: 48778 | Q46: 114670 | R46: 5980 | S46: 16889 | T46: 10152 | U46: 0 | V46: 12791 | W46: 0 | X46: 0 | Y46: 96569 | Z46: 0 | AA46: 0 | AB46: 5308
A47: 45931 | B47: 20349 | C47: 28690 | D47: 2000 | E47: 9876 | F47: 0 | G47: 29500 | H47: 27000 | I47: 0 | J47: 0 | K47: 0 | L47: 0 | M47: 0 | N47: 5250 | O47: 0 | P47: 22306 | Q47: 14168 | R47: 2284 | S47: 0 | T47: 0 | U47: 0 | V47: 8566 | W47: 0 | X47: 0 | Y47: 6740 | Z47: 0 | AA47: 0 | AB47: 0
A48: 45962 | B48: 58235 | C48: 47140 | D48: 32125 | E48: 45105 | F48: 20240 | G48: 58799 | H48: 14316 | I48: 0 | J48: 2928 | K48: 564 | L48: 0 | M48: 49898 | N48: 23582 | O48: 0 | P48: 80874 | Q48: 35798 | R48: 13022 | S48: 28803 | T48: 5541 | U48: 0 | V48: 47723 | W48: 0 | X48: 0 | Y48: 141297 | Z48: 0 | AA48: 0 | AB48: 5051
A49: 46204 | B49: 0 | C49: 30259 | D49: 0 | E49: 171146 | F49: 0 | G49: 0 | H49: 0 | I49: 0 | J49: 0 | K49: 0 | L49: 0 | M49: 17899 | N49: 93413 | O49: 0 | P49: 194196 | Q49: 0 | R49: 80140 | S49: 28160 | T49: 15227 | U49: 0 | V49: 100110 | W49: 0 | X49: 0 | Y49: 0 | Z49: 0 | AA49: 0 | AB49: 31608
C51: dal 15/11 start ICO | E51: ENEL Bolletta | F51: ICOF Rilevato da ICO | G51: Differenza ENEL ICO | H51: COMPRESSORI | I51: ICOF - COMPRESSORI | J51: COSTO MACCHINE | K51: uffici + pompe +chiller + tutto il resto
A52: Consumi in kWh
A53: Totale NOVEMBRE kWh Macchine | B53: =SUM(B4:AB4) -> 20844.95 | D53: 45597 | E53: =B121*F121 -> 19696.199 | F53: =ICOPOWER!F3*Tabelle!F121 -> 19136.333 | G53: =E53-F53 -> 559.86567 | H53: =B69*F121 -> 3373.7397 | I53: =F53-H53 -> 15762.594 | J53: =B53*F121 -> 6399.3997 | K53: =E53-H53-J53 -> 9923.0597
A54: Totale DICEMBRE kWh Macchine | B54: =SUM(B5:AB5) -> 12891.34 | D54: 45627 | E54: =B122*F122 -> 17077.283 | F54: =ICOPOWER!F4*Tabelle!F122 -> 14034.4 | G54: =E54-F54 -> 3042.883 | H54: =B70*F122 -> 2856.2851 | I54: =F54-H54 -> 11178.115 | J54: =B54*F122 -> 4267.0335 | K54: =E54-H54-J54 -> 9953.9644
A55: Totale GENNAIO 25 kWh Macchine | B55: =SUM(B6:AB6) -> 17112.31 | D55: 45658 | E55: =B123*F123 -> 20737.84 | F55: =ICOPOWER!F5*Tabelle!F123 -> 9867.425 | G55: =E55-F55 -> 10870.415 | H55: =B71*F123 -> 2957.7586 | I55: =F55-H55 -> 6909.6664 | J55: =B55*F123 -> 5732.6238 | K55: =E55-H55-J55 -> 12047.458
A56: Totale FEBBRAIO 25 kWh Macchine | B56: =SUM(B7:AB7) -> 17816.81 | D56: 45689 | E56: =B124*F124 -> 20162.244 | F56: =ICOPOWER!F6*Tabelle!F124 -> 17514.292 | G56: =E56-F56 -> 2647.952 | H56: =B72*F124 -> 3047.3592 | I56: =F56-H56 -> 14466.933 | J56: =B56*F124 -> 5950.8145 | K56: =E56-H56-J56 -> 11164.07
A57: Totale MARZO 25 kWh Macchine | B57: =SUM(B8:AB8) -> 20822.19 | D57: 45717 | E57: =B125*F125 -> 16647.774 | F57: =ICOPOWER!F7*Tabelle!F125 -> 14098.084 | G57: =E57-F57 -> 2549.69 | H57: =B73*F125 -> 2914.6031 | I57: =F57-H57 -> 11183.481 | J57: =B57*F125 -> 5955.1463 | K57: =E57-H57-J57 -> 7778.0245
A58: Totale APRILE 25 kWh Macchine | B58: =SUM(B9:AB9) -> 16194.22 | D58: 45748 | E58: =B126*F126 -> 10956.919 | F58: =ICOPOWER!F8*Tabelle!F126 -> 8853.894 | G58: =E58-F58 -> 2103.0255 | H58: =B74*F126 -> 2284.8319 | I58: =F58-H58 -> 6569.0621 | J58: =B58*F126 -> 4299.5654 | K58: =E58-H58-J58 -> 4372.5222
A59: Totale MAGGIO 25 kWh Macchine | B59: =SUM(B10:AB10) -> 9599.95 | D59: 45778 | E59: =B127*F127 -> 7933.3175 | F59: =ICOPOWER!F9*Tabelle!F127 -> 6186.9525 | G59: =E59-F59 -> 1746.365 | H59: =B75*F127 -> 1539.3376 | I59: =F59-H59 -> 4647.6149 | J59: =B59*F127 -> 2471.9871 | K59: =E59-H59-J59 -> 3921.9928
A60: Totale GIUGNO 25 kWh Macchine | B60: =SUM(B11:AB11) -> 9577.01 | D60: 45809 | E60: =B128*F128 -> 11943.62 | F60: =ICOPOWER!F10*Tabelle!F128 -> 11949.655 | G60: =E60-F60 -> -6.035 | H60: =B76*F128 -> 2202.9667 | I60: =F60-H60 -> 9746.6883 | J60: =B60*F128 -> 3399.8385 | K60: =E60-H60-J60 -> 6340.8147
A61: Totale LUGLIO 25 kWh Macchine | B61: =SUM(B12:AB12) -> 13769.15 | D61: 45839 | E61: =B129*F129 -> 15238.968 | F61: =ICOPOWER!F11*Tabelle!F129 -> 12477.88 | G61: =E61-F61 -> 2761.088 | H61: =B77*F129 -> 1776 | I61: =F61-H61 -> 10701.88 | J61: =B61*F129 -> 4075.6684 | K61: =E61-H61-J61 -> 9387.2996
A62: Totale AGOSTO 25 kWh Macchine | B62: =SUM(B13:AB13) -> 2887.25 | D62: 45870 | E62: =B130*F130 -> 5768.02 | F62: =ICOPOWER!F12*Tabelle!F130 -> 4442.846 | G62: =E62-F62 -> 1325.174 | H62: =B78*F130 -> 1960.8 | I62: =F62-H62 -> 2482.046 | J62: =B62*F130 -> 943.5533 | K62: =E62-H62-J62 -> 2863.6667
A63: Totale SETTEMBRE 25 kWh Macchine | B63: =SUM(B14:AB14) -> 13228.6 | D63: 45901 | E63: =B131*F131 -> 12898.865 | F63: =ICOPOWER!F13*Tabelle!F131 -> 10554.262 | G63: =E63-F63 -> 2344.6024 | H63: =B79*F131 -> 1639.2 | I63: =F63-H63 -> 8915.0624 | J63: =B63*F131 -> 3614.0535 | K63: =E63-H63-J63 -> 7645.6113
A64: Totale OTTOBRE 25 kWh Macchine | B64: =SUM(B15:AB15) -> 13059.96 | D64: 45931 | E64: =B132*F132 -> 10143.542 | F64: =ICOPOWER!F14*Tabelle!F132 -> 8375.95 | G64: =E64-F64 -> 1767.5922 | H64: =B80*F132 -> 1280.4 | I64: =F64-H64 -> 7095.55 | J64: =B64*F132 -> 2786.9955 | K64: =E64-H64-J64 -> 6076.1467
A65: Totale NOVEMBRE 25 kWh Macchine | B65: =SUM(B16:AB16) -> 13035.53 | D65: 45962 | E65: =B133*F133 -> 11454.678 | F65: =ICOPOWER!F15*Tabelle!F133 -> 9713.0299 | G65: =E65-F65 -> 1741.6483 | H65: =B82*F133 -> 1356.6 | I65: =F65-H65 -> 8356.4299 | J65: =B65*F133 -> 2947.3333 | K65: =E65-H65-J65 -> 7150.7449
A66: Totale LUGLIO 26 kWh Macchine | B66: =SUM(B17:AB17) -> 6276.5 | D66: 46204 | E66: =B134*F134 -> 0 | F66: =ICOPOWER!F16*Tabelle!F134 -> 0 | G66: =E66-F66 -> 0 | H66: =B83*F134 -> 0 | I66: =F66-H66 -> 0 | J66: =B66*F134 -> 0 | K66: =E66-H66-J66 -> 0
A68: Lettura rilevata dal pannello compressori | D68: Lettura in kWh * costo energia bolletta ENEL
A69: 45597 | B69: 10989.38 | D69: 45597 | G69: =B69*F121 -> 3373.7397
A70: 45627 | B70: 8629.26 | D70: 45627 | G70: =B70*F122 -> 2856.2851
A71: 45658 | B71: 8829.13 | D71: 45658 | G71: =B71*F123 -> 2957.7586
A72: 45689 | B72: 9123.83 | D72: 45689 | G72: =B72*F124 -> 3047.3592
A73: 45717 | B73: 10190.92 | D73: 45717 | G73: =B73*F125 -> 2914.6031
A74: 45748 | B74: 8605.77 | D74: 45748 | G74: =B74*F126 -> 2284.8319
A75: 45778 | B75: 5978.01 | D75: 45778 | G75: =B75*F127 -> 1539.3376
A76: 45809 | B76: 6205.54 | D76: 45809 | G76: =B76*F128 -> 2202.9667
A77: 45839 | B77: 6000 | C77: ipotesi stimato | D77: 45839 | G77: =B77*F129 -> 1776
A78: 45870 | B78: 6000 | D78: 45870 | G78: =B78*F130 -> 1960.8
A79: 45901 | B79: 6000 | D79: 45901 | G79: =B79*F131 -> 1639.2
A80: 45931 | B80: 6000 | D80: 45931 | G80: =B80*F132 -> 1280.4
A81: 45962 | B81: 6000 | D81: 45962 | G81: =B81*F133 -> 1356.6
A82: 46204 | B82: 6000 | D82: 46204 | G82: =B82*F134 -> 0
A84: Consumi kWh * Prezzo unitario energia bolletta ENEL | D84: Dato letto dalla bolletta ENEL
A85: 45292 | D85: 45292 | G85: 16601.39
A86: 45323 | D86: 45323 | G86: 16934
A87: 45352 | D87: 45352 | G87: 12419.74
A88: 45383 | D88: 45383 | G88: 10948.47
A89: 45413 | D89: 45413 | G89: 12868.58
A90: 45444 | D90: 45444 | G90: 11473.9
A91: 45474 | D91: 45474 | G91: 19396.73
A92: 45505 | D92: 45505 | G92: 13651.04
A93: 45536 | D93: 45536 | G93: 15277.15
A94: 45566 | D94: 45566 | G94: 15523.99
A95: 45597 | B95: =B53*F121 -> 6399.3997 | D95: 45597 | G95: 19751.41
A96: 45627 | B96: =B54*F122 -> 4267.0335 | D96: 45627 | G96: 17063.94
A97: 45658 | B97: =B55*F123 -> 5732.6238 | D97: 45658 | G97: 20875.39
A98: 45689 | B98: =B56*F124 -> 5950.8145 | D98: 45689 | G98: 20173.7
A99: 45717 | B99: =B57*F125 -> 5955.1463 | D99: 45717 | G99: 16648.58
A100: 45748 | B100: =B58*F126 -> 4299.5654 | D100: 45748 | G100: 10956.7
A101: 45778 | B101: =B59*F127 -> 2471.9871 | D101: 45778 | G101: 7932.95
A102: 45809 | B102: =B60*F128 -> 3399.8385 | D102: 45809 | G102: 11949.42
A103: 45839 | B103: =B61*F129 -> 4075.6684 | D103: 45839 | G103: 15262.33
A104: 45870 | B104: =B62*F130 -> 943.5533 | D104: 45870 | G104: 5768.63
A105: 45901 | B105: =B63*F131 -> 3614.0535 | D105: 45901 | G105: 12897.86
A106: 45931 | B106: =B64*F132 -> 2786.9955 | D106: 45931 | G106: 13101.09
A107: 45962 | B107: =B65*F133 -> 2947.3333 | D107: 45962 | G107: 14793.67
...

Sheet ICOPOWER
B2: Consumi | C2: PME QT. kWh | D2: GG mancanti | E2: Tot. Consumo | F2: Tot. Finale (post-setting ICOPOWER) kWh
B3: nov | C3: 187 | D3: 18 | E3: =C3/18*30 -> 311.66667 | F3: =E3*200 -> 62333.333
B4: dic | C4: 212 | D4: 31 | E4: 212 | F4: =E4*200 -> 42400
B5: gen | C5: 212 | D5: 31 | F5: 29455
B6: feb | F6: 52438
B7: mar | F7: 49294
B8: apr | F8: 33348
B9: mag | F9: 24027
B10: giu | F10: 33661
B11: lug | F11: 42155
B12: ago | F12: 13595
B13: set | F13: 38632
B14: ott | F14: 39250
B15: nov | F15: 42959
B16: lug
